PRAGMA foreign_keys = ON;

-- Tables without any foreign keys:
INSERT INTO Jogador (nif, saldoFichas, nome) VALUES
  (015111889, 02710, "Manuel Maria"),
  (001021908, 04093, "Filipe Carlos"),
  (489951167, 02758, "Amélio Luís"),
  (317425527, 03962, "Miguel Rafael"),
  (081009467, 05812, "Gabriel Gonzaga"), 
  (005101910, 01792, "Xavier Francisco"),
  (002071932, 05209, "de Assis Eugénio"),
  (021041926, 11988, "Elizabeth Alexandra Mary"),
  (017071947, 04988, "Camilla Rosemary Shand");
  
INSERT INTO Compra (preco, dataHora) VALUES
  (28,  "2021-12-28 18:15:47"),
  (42,  "2022-09-12 15:24:29"),
  (417, "2023-03-05 00:06:42"),
  (405, "2023-05-11 15:16:51"),
  (152, "2022-12-20 03:51:43"),
  (142, "2022-12-27 09:48:29"),
  (268, "2023-02-18 21:19:19"),
  (121, "2023-02-07 12:54:06"),
  (213, "2023-05-17 06:58:54"),
  (17,  "2023-07-24 23:31:08"),
  (223, "2023-09-04 03:32:12"),
  (68,  "2022-11-13 20:04:58"),
  (488, "2023-07-17 23:16:14"),
  (267, "2022-08-18 21:50:33"),
  (217, "2022-05-26 13:15:23"),
  (472, "2022-10-08 21:35:33"),
  (453, "2022-10-17 18:34:26"),
  (443, "2022-08-26 01:08:14"),
  (223, "2023-02-12 07:27:05"),
  (159, "2022-09-02 06:23:54");
  
INSERT INTO MesaPoquer (taxaComissao, apostaMinima) VALUES
  (0.10, 2),
  (0.07, 5),
  (0.04, 8);

INSERT INTO SlotMachine (premioMaximo, preco) VALUES
  (30, 2),
  (30, 2),
  (75, 5),
  (75, 5),
  (90, 6),
  (90, 6),
  (120, 8);

INSERT INTO MesaBlackjack (apostaMinima) VALUES
  (5),
  (5),
  (7),
  (7),
  (15),
  (15),
  (32);

-- nif dependent:
INSERT INTO DinheiroPorFichas (dataHora, quantidade, nif) VALUES
  ("2021-06-16 04:12:34", 3500, 015111889),
  ("2021-08-24 19:13:54", 5000, 021041926),
  ("2021-09-24 17:30:34", 7000, 021041926),
  ("2021-10-12 12:28:39", 5190, 001021908),
  ("2021-12-10 16:23:42", 2400, 489951167),
  ("2022-02-18 00:25:12", 3220, 317425527),
  ("2022-04-12 03:43:17", 4910, 081009467),
  ("2022-06-11 18:02:01", 1460, 005101910),
  ("2022-08-24 07:51:45", 4480, 002071932),
  ("2022-08-30 11:37:21", 5310, 017071947);

-- nif and idCompra dependent:
INSERT INTO Realiza (nome, idCompra, nif) VALUES
  ("Bar",         1, 21041926),
  ("Concierge",   2, 489951167),
  ("Hotel",       3, 317425527),
  ("Concierge",   4, 5101910),
  ("Restaurante", 5, 489951167),
  ("Bar",         6, 2071932),
  ("Hotel",       7, 1021908),
  ("Restaurante", 8, 1021908),
  ("Concierge",   9, 81009467),
  ("Concierge",   10, 2071932),
  ("Bar",         11, 2071932),
  ("Bar",         12, 5101910),
  ("Restaurante", 13, 1021908),
  ("Concierge",   14, 317425527),
  ("Bar",         15, 1021908),
  ("Hotel",       16, 81009467),
  ("Hotel",       17, 17071947),
  ("Hotel",       18, 21041926),
  ("Concierge",   19, 1021908),
  ("Restaurante", 20, 5101910);

-- Dependent of idEquipamento:
INSERT INTO PartidaPoquer (dataHora, lucroCasino, valorMesa, idEquipamento) VALUES
  ("2023-10-29 09:50:03", 10, 107, 1 ),
  ("2023-10-16 22:50:15", 8,  117, 2 ),
  ("2022-05-03 14:02:47", 7,  70,  1 ),
  ("2021-06-05 02:25:49", 3,  64,  3 ),
  ("2022-04-14 14:48:44", 8,  78,  1 ),
  ("2022-01-08 12:59:05", 6,  151, 3 ),
  ("2022-02-07 05:52:31", 4,  58,  2 ),
  ("2022-12-22 20:38:57", 7,  173, 3 ),
  ("2023-09-05 04:06:01", 6,  64,  1 ),
  ("2022-06-09 13:20:04", 6,  83,  2 ),
  ("2023-05-26 23:00:19", 5,  53,  1 ),
  ("2022-05-22 00:18:30", 7,  72,  1 ),
  ("2022-07-01 12:32:03", 2,  51,  3 );

INSERT INTO PartidaSlotMachine (dataHora, lucroCasino, listaSimbolos, idEquipamento) VALUES
  ("2022-11-18 13:18:31", 2,   "♦🍒🎁",   1),
  ("2021-03-17 08:02:15", 2,   "🍒７🍼",   1),
  ("2013-12-03 15:10:10", 2,   "💩♠🍼",   1),
  ("2015-06-08 23:34:12", 2,   "🍐💩🍼",   1),
  ("2016-12-17 00:46:06", -10,  "🍒♥🍒",   2),
  ("2021-06-29 08:38:11", 2,   "７♥🍑",   2),
  ("2019-07-12 14:20:56", 2,   "🍆🍒🍐",   2),
  ("2014-10-10 16:53:07", 5,   "💩♦🎁",   3),
  ("2022-06-14 21:16:19", 5,   "🍌🎁♣",   3),
  ("2020-08-15 23:41:21", 5,   "🍼７♠",   3),
  ("2020-07-17 23:12:31", 5,   "🍑🍆♣",   3),
  ("2022-09-14 05:13:08", 5,   "🍒７🍐",   3),
  ("2020-05-10 08:04:37", 5,   "🍑♠🍼",   4),
  ("2015-12-21 05:08:39", 5,   "🍼♥７",   4),
  ("2021-12-13 07:56:50", 5,   "♠💩🍆",   4),
  ("2017-01-02 02:38:28", -25, "♦♦🍐",   4),
  ("2020-05-11 11:33:40", 6,   "💩🍌７",   5),
  ("2017-10-18 10:17:01", 6,   "♣🍒７",   5),
  ("2015-09-23 19:55:44", 6,   "🍒♦🎁",   5),
  ("2016-04-17 11:46:58", -30, "♥♥🍒",   6),
  ("2015-07-16 13:39:47", -30,  "🍐🍐🍒",   6),
  ("2018-03-02 00:09:45", 6,   "７💩🍑",   6),
  ("2015-06-28 04:27:25", 6,   "♠🍼🍌",   6),
  ("2018-09-01 00:25:14", 8,   "♥💩７",   7),
  ("2022-09-14 00:50:36", 8,   "💩🍑🍼",   7),
  ("2020-11-15 02:02:12", 8,   "♥♠🍆",   7),
  ("2016-01-30 04:52:21", 8,   "🎁🍌🍑",   7),
  ("2014-04-17 11:45:53", 8,   "♥💩７",   7),
  ("2021-01-04 07:33:10", 8,   "🍆🍌７",   7);

INSERT INTO PartidaBlackjack (dataHora, lucroCasino, pontuacaoCasa, pontuacaoJogador, aposta, idEquipamento) VALUES
  ("2015-10-17 21:00:48", -243, 24,  21,  243,  1),
  ("2020-10-08 06:19:40", 749,  17,  3,   749,  1),
  ("2017-03-23 04:20:25", -767, 4,   10,  767,  1),
  ("2016-02-06 10:39:23", -522, 11,  12,  522,  1),
  ("2014-08-02 13:27:20", -465, 14,  17,  465,  2),
  ("2019-03-03 08:17:55", 346,  5,   28,  346,  2),
  ("2021-06-29 02:30:15", -199, 4,   11,  199,  2),
  ("2018-03-07 18:07:25", -137, 9,   19,  137,  3),
  ("2017-04-16 12:09:48", -168, 28,  14,  168,  3),
  ("2017-09-14 22:04:35", 200,  26,  25,  399,  3),
  ("2014-06-13 09:31:45", -77,  16,  21,  51,   3),
  ("2017-09-16 02:56:33", 232,  8,   7,   232,  3),
  ("2015-08-22 03:31:11", -276, 23,  15,  276,  4),
  ("2018-01-17 18:31:34", -405, 12,  18,  405,  4),
  ("2021-08-21 09:06:01", -729, 7,   21,  486,  4),
  ("2023-02-06 09:16:17", -115, 6,   16,  115,  4),
  ("2017-04-20 22:05:15", 56,   18,  5,   56,   5),
  ("2018-12-07 03:45:59", 203,  16,  3,   203,  5),
  ("2022-05-22 13:32:46", 409,  17,  3,   409,  5),
  ("2022-04-08 00:30:37", 97,   19,  26,  97,   6),
  ("2015-06-18 01:19:13", -360, 5,   17,  360,  6),
  ("2019-02-06 17:50:53", 113,  10,  24,  113,  6),
  ("2015-09-21 12:26:33", 24,   19,  17,  24,   6),
  ("2022-04-13 18:56:21", 245,  17,  12,  245,  7),
  ("2014-12-09 14:59:50", -420, 26,  4,   420,  7),
  ("2015-01-06 05:03:31", -13,  23,  17,  13,   7),
  ("2019-08-01 08:50:40", 327,  26,  27,  652,  7),
  ("2016-10-26 17:16:56", 464,  16,  12,  464,  7),
  ("2017-10-15 20:18:25", 401,  19,  10,  401,  7),
  ("2018-03-18 21:57:56", 521,  19,  25,  521,  7);

-- Dependent of every "Partida" and nif:
INSERT INTO Ganho (valor, nif, idPoquer, idSlotMachine, idBlackjack) VALUES
  -- Poquer:
  (97,  001021908, 1,  NULL, NULL),
  (-12, 317425527, 1,  NULL, NULL),
  (-30, 021041926, 1,  NULL, NULL),
  (109, 005101910, 2,  NULL, NULL),
  (-26, 081009467, 2,  NULL, NULL),
  (-16, 017071947, 2,  NULL, NULL),
  (-24, 001021908, 2,  NULL, NULL),
  (63,  002071932, 3,  NULL, NULL),
  (-17, 005101910, 3,  NULL, NULL),
  (-30, 489951167, 3,  NULL, NULL),
  (61,  015111889, 4,  NULL, NULL),
  (-10, 317425527, 4,  NULL, NULL),
  (-10, 081009467, 4,  NULL, NULL),
  (-15, 002071932, 4,  NULL, NULL),
  (-20, 017071947, 4,  NULL, NULL),
  (70,  015111889, 5,  NULL, NULL),
  (-16, 001021908, 5,  NULL, NULL),
  (-31, 489951167, 5,  NULL, NULL),
  (145, 317425527, 6,  NULL, NULL),
  (-14, 081009467, 6,  NULL, NULL),
  (-19, 005101910, 6,  NULL, NULL),
  (-20, 002071932, 6,  NULL, NULL),
  (-11, 021041926, 6,  NULL, NULL),
  (-13, 017071947, 6,  NULL, NULL),
  (-16, 015111889, 6,  NULL, NULL),
  (-17, 001021908, 6,  NULL, NULL),
  (54,  489951167, 7,  NULL, NULL),
  (-13, 317425527, 7,  NULL, NULL),
  (-16, 081009467, 7,  NULL, NULL),
  (166, 005101910, 8,  NULL, NULL),
  (-13, 002071932, 8,  NULL, NULL),
  (-20, 021041926, 8,  NULL, NULL),
  (-18, 017071947, 8,  NULL, NULL),
  (-16, 015111889, 8,  NULL, NULL),
  (-11, 001021908, 8,  NULL, NULL),
  (-17, 489951167, 8,  NULL, NULL),
  (-23, 317425527, 8,  NULL, NULL),
  (58,  081009467, 9,  NULL, NULL),
  (-14, 005101910, 9,  NULL, NULL),
  (-15, 002071932, 9,  NULL, NULL),
  (-16, 021041926, 9,  NULL, NULL),
  (77,  017071947, 10, NULL, NULL),
  (-30, 015111889, 10, NULL, NULL),
  (48,  001021908, 11, NULL, NULL),
  (-15, 489951167, 11, NULL, NULL),
  (-17, 317425527, 11, NULL, NULL),
  (65,  081009467, 12, NULL, NULL),
  (-16, 005101910, 12, NULL, NULL),
  (-20, 002071932, 12, NULL, NULL),
  (-10, 021041926, 12, NULL, NULL),
  (49,  017071947, 13, NULL, NULL),
  (-8,  015111889, 13, NULL, NULL),
  (-19, 001021908, 13, NULL, NULL),
  
  -- SlotMachine:
  (-2, 015111889, NULL, 1, NULL),
  (-2, 001021908, NULL, 2, NULL),
  (-2, 489951167, NULL, 3, NULL),
  (-2, 317425527, NULL, 4, NULL),
  (10, 081009467, NULL, 5, NULL),
  (-2, 005101910, NULL, 6, NULL),
  (-2, 002071932, NULL, 7, NULL),
  (-5, 021041926, NULL, 8, NULL),
  (-5, 017071947, NULL, 9, NULL),
  (-5, 015111889, NULL, 10, NULL),
  (-5, 001021908, NULL, 11, NULL),
  (-5, 489951167, NULL, 12, NULL),
  (-5, 317425527, NULL, 13, NULL),
  (-5, 081009467, NULL, 14, NULL),
  (-5, 005101910, NULL, 15, NULL),
  (25, 002071932, NULL, 16, NULL),
  (-6, 021041926, NULL, 17, NULL),
  (-6, 017071947, NULL, 18, NULL),
  (-6, 015111889, NULL, 19, NULL),
  (30, 001021908, NULL, 20, NULL),
  (30, 489951167, NULL, 21, NULL),
  (-6, 317425527, NULL, 22, NULL),
  (-6, 081009467, NULL, 23, NULL),
  (-8, 005101910, NULL, 24, NULL),
  (-8, 002071932, NULL, 25, NULL),
  (-8, 021041926, NULL, 26, NULL),
  (-8, 017071947, NULL, 27, NULL),
  (-8, 015111889, NULL, 28, NULL),
  (-8, 001021908, NULL, 29, NULL),

  -- BlackJack:
  (243,  015111889, NULL, NULL, 1),
  (-749, 001021908, NULL, NULL, 2),
  (767,  489951167, NULL, NULL, 3),
  (522,  317425527, NULL, NULL, 4),
  (465,  081009467, NULL, NULL, 5),
  (-346, 005101910, NULL, NULL, 6),
  (199,  002071932, NULL, NULL, 7),
  (137,  021041926, NULL, NULL, 8),
  (168,  017071947, NULL, NULL, 9),
  (-200, 015111889, NULL, NULL, 10),
  (77,   001021908, NULL, NULL, 11),
  (-232, 489951167, NULL, NULL, 12),
  (276,  317425527, NULL, NULL, 13),
  (405,  081009467, NULL, NULL, 14),
  (729,  005101910, NULL, NULL, 15),
  (115,  002071932, NULL, NULL, 16),
  (-56,  021041926, NULL, NULL, 17),
  (-203, 017071947, NULL, NULL, 18),
  (-409, 015111889, NULL, NULL, 19),
  (-97,  001021908, NULL, NULL, 20),
  (360,  489951167, NULL, NULL, 21),
  (-113, 317425527, NULL, NULL, 22),
  (-24,  081009467, NULL, NULL, 23),
  (-245, 005101910, NULL, NULL, 24),
  (420,  002071932, NULL, NULL, 25),
  (13,   021041926, NULL, NULL, 26),
  (-327, 017071947, NULL, NULL, 27),
  (-464, 015111889, NULL, NULL, 28),
  (-401, 001021908, NULL, NULL, 29),
  (-521, 489951167, NULL, NULL, 30);
  
