INSERT INTO DinheiroPorFichas (dataHora, quantidade, nif) VALUES
("2023-07-18 06:49:07", 3155, 111911857),
("2016-12-01 13:09:42", 2020, 111911857),
("2022-06-11 20:57:33", 4008, 111911857),
("2019-12-29 10:37:43", 2943, 111911857),
("2018-07-31 12:17:45", 3648, 111911857),
("2020-11-24 06:12:43", 3835, 111911857),
("2016-03-19 11:29:06", 4483, 111911857),
("2015-11-15 09:06:41", 4169, 910463791),
("2023-03-20 23:11:29", 1095, 910463791),
("2017-04-18 21:35:53", 1448, 910463791),
("2020-10-23 03:14:40", 2059, 910463791),
("2022-02-06 06:50:53", 3788, 910463791),
("2022-02-16 06:37:02", 2820, 910463791),
("2015-11-25 13:25:59", 4115, 910463791),
("2017-04-13 15:52:14", 1453, 910463791),
("2014-09-15 14:03:30", 976, 910463791),
("2020-01-12 03:06:38", 4551, 910463791),
("2015-08-30 18:43:03", 2356, 910463791),
("2023-10-16 11:16:52", 4379, 607571487),
("2023-06-06 09:54:37", 4846, 607571487),
("2017-01-06 01:23:16", 2231, 607571487),
("2015-04-12 15:56:42", 135, 607571487),
("2015-06-26 07:24:06", 717, 607571487),
("2014-01-24 20:22:44", 3910, 607571487),
("2016-11-18 15:17:15", 4066, 143121101),
("2018-10-14 19:28:49", 442, 143121101),
("2015-01-31 22:57:39", 3489, 122533984),
("2023-06-22 12:52:59", 1213, 122533984),
("2022-08-12 21:48:05", 4239, 122533984),
("2017-07-10 10:05:18", 2187, 122533984),
("2021-01-24 18:03:16", 3004, 122533984),
("2020-11-21 16:19:45", 1061, 122533984),
("2017-12-07 23:58:49", 3557, 872761209),
("2015-04-15 22:44:10", 2011, 872761209),
("2014-11-06 02:43:22", 3169, 872761209),
("2018-01-28 17:09:29", 4026, 872761209),
("2023-04-18 19:06:20", 1063, 872761209),
("2015-04-02 01:30:09", 1542, 872761209),
("2018-11-28 19:05:34", 1592, 872761209),
("2021-04-29 04:55:42", 4391, 872761209),
("2021-06-08 09:10:58", 919, 779623060),
("2023-01-10 19:46:06", 4506, 779623060),
("2019-04-19 14:40:56", 968, 779623060),
("2014-03-18 01:52:54", 4916, 779623060),
("2014-06-24 14:50:48", 719, 779623060),
("2014-10-04 07:47:26", 3795, 779623060),
("2016-07-20 13:51:24", 3779, 779623060),
("2018-06-04 03:31:40", 2801, 779623060),
("2022-02-28 20:44:48", 3915, 779623060),
("2022-11-27 09:14:47", 1780, 779623060),
("2018-10-20 16:32:11", 3909, 779623060),
("2023-09-26 08:33:26", 2675, 779623060),
("2015-11-14 08:04:37", 4929, 779623060),
("2018-08-15 22:52:09", 3548, 456081549),
("2019-10-28 01:19:12", 4657, 456081549),
("2021-02-02 20:30:02", 4350, 456081549),
("2022-09-05 14:32:59", 2531, 401092286),
("2016-09-11 16:41:29", 2667, 401092286),
("2019-09-29 05:34:04", 869, 401092286),
("2022-02-28 07:05:00", 3862, 401092286),
("2014-02-12 19:18:16", 2766, 401092286),
("2014-07-27 06:50:57", 1960, 401092286),
("2020-02-12 17:31:36", 1322, 401092286),
("2015-04-06 02:57:25", 465, 401092286),
("2022-01-14 15:01:29", 2808, 401092286),
("2016-12-14 21:18:57", 3590, 401092286),
("2015-11-07 03:48:21", 1247, 401092286),
("2018-02-01 08:06:44", 2929, 401092286),
("2013-12-23 01:18:48", 2963, 401092286),
("2023-10-26 17:23:33", 2849, 679346931),
("2017-09-10 05:37:40", 3109, 679346931),
("2020-02-22 04:33:01", 2309, 679346931),
("2015-04-14 11:42:29", 1166, 679346931),
("2017-02-25 19:48:49", 4816, 679346931),
("2019-08-24 00:55:07", 374, 679346931),
("2022-09-13 07:32:28", 3909, 679346931),
("2023-05-23 18:21:34", 1235, 679346931),
("2019-10-18 07:33:10", 3285, 911706320),
("2017-08-16 11:06:36", 4825, 911706320),
("2019-05-05 15:02:11", 1423, 911706320),
("2019-04-06 04:34:23", 766, 911706320),
("2014-11-05 22:57:33", 4375, 911706320),
("2013-12-06 16:06:34", 138, 911706320),
("2015-10-04 10:40:06", 1202, 911706320),
("2015-03-13 21:34:39", 3616, 911706320),
("2021-11-20 12:03:31", 38, 911706320),
("2017-06-16 05:57:43", 3153, 911706320),
("2017-05-09 17:37:47", 3581, 911706320),
("2022-09-24 05:54:22", 1411, 911706320),
("2016-05-23 22:14:37", 3463, 911706320),
("2016-07-01 06:09:46", 3121, 911706320),
("2015-10-01 01:00:14", 33, 911706320),
("2018-01-27 00:13:19", 297, 911706320),
("2020-08-29 11:58:38", 2974, 911706320),
("2016-07-20 09:23:26", 1085, 911706320),
("2021-09-08 08:54:15", 3485, 911706320),
("2016-08-10 23:18:55", 930, 471470870),
("2020-02-22 02:27:27", 586, 471470870),
("2017-10-21 17:57:48", 3476, 297424626),
("2015-05-03 23:51:12", 3938, 297424626),
("2015-02-22 16:57:47", 3138, 297424626),
("2014-07-24 15:32:06", 2372, 852282267),
("2017-09-08 21:25:32", 583, 372590986),
("2019-10-06 00:47:57", 4928, 372590986),
("2017-06-04 21:00:54", 3559, 372590986),
("2021-07-05 10:53:59", 1436, 372590986),
("2020-04-05 08:32:39", 3662, 372590986),
("2019-08-22 14:10:35", 3189, 372590986),
("2020-07-28 16:38:51", 2766, 372590986),
("2014-12-27 10:14:10", 1031, 675097345),
("2022-11-28 05:25:54", 2272, 675097345),
("2019-07-22 18:39:21", 754, 675097345),
("2023-11-17 19:58:46", 4686, 675097345),
("2020-03-17 08:51:59", 2599, 675097345),
("2023-04-29 10:04:17", 4709, 675097345),
("2018-08-01 11:18:32", 4847, 675097345),
("2023-01-29 21:22:22", 2277, 675097345),
("2016-04-27 19:42:24", 699, 542251451),
("2016-09-25 03:21:56", 900, 542251451),
("2019-08-05 08:26:14", 529, 542251451),
("2017-06-06 04:05:40", 829, 542251451),
("2019-07-20 00:21:32", 1741, 542251451),
("2017-04-06 15:17:02", 1316, 542251451),
("2020-02-24 16:47:15", 2799, 542251451),
("2022-08-20 00:35:28", 1701, 542251451),
("2021-09-02 02:13:32", 3456, 542251451),
("2022-11-10 07:08:31", 908, 542251451),
("2019-11-25 00:48:29", 194, 542251451),
("2014-11-20 21:50:44", 1347, 202955241),
("2021-05-31 18:26:43", 3862, 569107488),
("2023-02-08 06:07:36", 1805, 569107488),
("2016-07-17 21:30:13", 3954, 569107488),
("2016-04-19 15:16:28", 2392, 569107488),
("2022-06-18 11:38:01", 3001, 569107488),
("2023-04-01 04:40:04", 3620, 569107488),
("2014-08-31 18:06:36", 4658, 569107488),
("2017-12-25 13:06:52", 2499, 166274736),
("2018-01-08 09:08:33", 1263, 409315740),
("2023-09-07 18:49:12", 3806, 409315740),
("2023-04-18 07:16:28", 2522, 409315740),
("2015-04-04 14:56:24", 2237, 409315740),
("2016-09-17 21:25:43", 3251, 409315740),
("2023-08-30 13:33:33", 914, 409315740),
("2021-01-15 23:52:37", 3107, 178135609),
("2022-03-19 09:16:48", 2116, 178135609),
("2021-07-10 20:26:48", 2095, 178135609),
("2022-07-15 12:18:10", 4197, 178135609),
("2016-04-21 11:37:36", 4838, 178135609),
("2021-08-28 20:21:48", 894, 178135609),
("2021-05-06 07:25:16", 1635, 178135609),
("2023-01-24 03:40:56", 173, 178135609),
("2016-07-09 22:59:35", 2943, 178135609),
("2017-12-02 02:08:22", 4245, 178135609),
("2014-06-21 07:58:24", 183, 178135609),
("2017-12-15 15:33:34", 2874, 178135609),
("2018-06-28 01:30:04", 1470, 178135609),
("2019-03-09 06:22:25", 4924, 178135609),
("2014-01-01 22:45:18", 2547, 178135609),
("2018-12-02 09:59:26", 1633, 178135609),
("2017-01-10 01:03:20", 2352, 178135609),
("2023-11-16 05:54:57", 1613, 178135609),
("2018-12-18 10:24:05", 3246, 178135609),
("2020-08-14 20:52:40", 3298, 126700363),
("2016-04-18 05:14:36", 3882, 126700363),
("2018-12-31 16:06:18", 2084, 126700363),
("2019-07-31 05:21:48", 1879, 126700363),
("2022-04-12 04:07:33", 2973, 126700363),
("2022-09-22 00:35:33", 435, 126700363),
("2021-01-26 06:11:27", 4263, 126700363),
("2014-10-14 11:34:22", 3717, 126700363),
("2018-03-10 07:06:25", 385, 126700363),
("2015-07-26 02:04:46", 3384, 965752928),
("2023-05-22 03:28:26", 47, 965752928),
("2015-12-12 23:35:40", 4854, 965752928),
("2014-08-21 13:36:28", 2765, 965752928),
("2015-11-03 22:09:54", 3506, 965752928),
("2014-03-18 17:20:28", 326, 965752928),
("2017-08-07 06:05:28", 3574, 965752928),
("2023-04-14 01:13:50", 4788, 965752928),
("2015-09-27 17:51:37", 1190, 965752928),
("2023-09-19 03:45:43", 3503, 965752928),
("2017-11-26 18:06:41", 4096, 965752928),
("2014-02-19 13:15:14", 1271, 965752928),
("2022-07-19 10:50:45", 1281, 965752928),
("2015-07-01 00:00:45", 1390, 965752928),
("2023-04-13 14:23:29", 330, 921310556),
("2020-12-26 09:52:52", 2171, 921310556),
("2015-11-13 07:24:32", 4907, 921310556),
("2019-05-01 08:36:05", 267, 921310556),
("2014-09-26 19:23:35", 4704, 921310556),
("2017-10-29 12:47:44", 3746, 921310556),
("2014-01-01 02:04:13", 3084, 921310556),
("2019-04-27 13:52:25", 2318, 785957824),
("2020-06-10 10:42:01", 581, 785957824),
("2015-12-27 17:16:46", 3154, 785957824),
("2021-07-11 05:45:19", 3800, 785957824),
("2015-03-17 11:39:05", 3517, 785957824),
("2016-08-17 05:58:11", 2408, 785957824),
("2020-08-25 00:56:45", 1077, 785957824),
("2022-07-19 01:46:11", 3582, 785957824),
("2017-02-27 22:09:13", 4428, 785957824),
("2021-11-02 07:50:47", 4587, 785957824),
("2015-06-01 14:55:00", 1654, 785957824),
("2017-08-28 20:57:32", 1690, 845913918),
("2022-08-06 02:42:29", 4723, 845913918),
("2023-07-21 02:09:01", 1241, 845913918),
("2021-06-21 19:00:43", 4701, 845913918),
("2023-07-03 10:06:46", 3228, 845913918),
("2020-02-12 20:54:04", 3604, 845913918),
("2022-08-22 00:06:40", 3106, 845913918),
("2017-11-14 21:41:30", 194, 845913918),
("2016-08-20 16:34:23", 1304, 845913918),
("2020-07-11 12:27:26", 4142, 845913918),
("2021-11-01 07:55:05", 1090, 845913918),
("2023-08-27 03:38:38", 694, 845913918),
("2015-08-04 08:33:33", 4350, 845913918),
("2022-05-01 04:58:53", 2317, 845913918),
("2021-05-19 20:54:03", 2878, 845913918),
("2021-10-26 02:24:23", 1918, 845913918),
("2019-11-19 05:05:50", 1299, 845913918),
("2021-02-26 14:40:51", 923, 154092548),
("2020-06-04 05:44:11", 2665, 154092548),
("2021-07-17 15:19:37", 2869, 154092548),
("2015-02-26 19:29:49", 1914, 154092548),
("2020-04-14 15:34:59", 515, 424416404),
("2023-05-27 09:26:27", 331, 424416404),
("2021-09-05 21:48:50", 748, 424416404),
("2023-11-02 21:58:55", 1365, 424416404),
("2020-11-03 05:17:05", 4191, 424416404),
("2023-07-12 04:52:01", 4811, 424416404),
("2019-04-10 02:02:49", 1225, 424416404),
("2023-02-24 06:42:13", 4835, 424416404),
("2021-03-05 08:37:12", 4061, 424416404),
("2022-09-26 02:24:35", 890, 424416404),
("2022-08-25 17:24:11", 1188, 424416404),
("2021-03-09 14:47:56", 4436, 427664476),
("2023-01-23 13:12:59", 4152, 427664476),
("2022-11-06 14:59:30", 4830, 427664476),
("2018-02-07 11:04:31", 4697, 427664476),
("2014-04-14 01:54:14", 1478, 427664476),
("2016-04-23 02:40:57", 4144, 427664476),
("2015-11-04 20:17:20", 3653, 427664476),
("2021-02-22 09:56:07", 2687, 427664476),
("2017-10-25 08:14:53", 1567, 427664476),
("2020-08-04 23:45:07", 4178, 427664476),
("2019-11-18 22:51:45", 2835, 290060764),
("2016-09-08 17:41:24", 1240, 290060764),
("2021-04-13 17:56:15", 1252, 290060764),
("2023-10-03 19:17:14", 4028, 290060764),
("2016-11-15 05:56:30", 1715, 290060764),
("2022-08-26 00:11:22", 3705, 290060764),
("2017-09-24 05:49:05", 3811, 290060764),
("2022-02-05 08:36:04", 524, 290060764),
("2014-08-22 01:58:08", 3349, 290060764),
("2021-01-31 21:13:16", 2803, 290060764),
("2015-02-22 18:43:02", 3802, 290060764),
("2014-12-18 08:22:38", 2828, 290060764),
("2016-08-02 03:51:56", 1956, 290060764),
("2017-03-27 10:51:07", 2595, 290060764),
("2021-05-13 13:33:23", 1816, 290060764),
("2018-09-07 00:50:53", 1204, 290060764),
("2021-08-28 01:30:33", 2687, 290060764),
("2015-01-04 05:14:04", 2937, 290060764),
("2023-07-07 11:15:40", 2372, 290060764),
("2020-11-10 14:48:19", 3062, 600538896),
("2018-01-20 17:20:34", 1549, 600538896),
("2013-11-21 07:18:03", 3282, 600538896),
("2021-11-06 01:11:38", 2337, 600538896),
("2015-12-13 09:10:22", 4943, 600538896),
("2023-05-07 10:04:47", 4931, 600538896),
("2016-12-13 12:53:18", 860, 581813103),
("2020-01-03 17:56:04", 122, 581813103),
("2014-11-10 01:22:32", 2987, 581813103);

INSERT INTO MesaPoquer (taxaComissao, apostaMinima) VALUES
(0.02,3),
(0.09,27),
(0.11,7),
(0.01,37),
(0.1,5);

INSERT INTO SlotMachine (premioMaximo, preco) VALUES
(555,37),
(315,21),
(705,47),
(480,32),
(660,44),
(600,40),
(735,49),
(195,13),
(150,10),
(540,36),
(600,40),
(645,43),
(630,42),
(60,4),
(105,7),
(540,36),
(30,2),
(705,47),
(30,2),
(285,19),
(420,28),
(480,32),
(255,17),
(390,26),
(15,1),
(150,10),
(435,29),
(330,22),
(645,43),
(735,49),
(420,28),
(225,15),
(705,47),
(570,38),
(285,19),
(315,21),
(45,3),
(570,38),
(135,9),
(135,9);

INSERT INTO MesaBlackJack (apostaMinima) VALUES
(29),
(42),
(33),
(39),
(47),
(28),
(39),
(38),
(40),
(10),
(42),
(16),
(23),
(45),
(3),
(37),
(10),
(25),
(27),
(29),
(42),
(1),
(46),
(35),
(39),
(24),
(44),
(39),
(43),
(15),
(7);

INSERT INTO PartidaBlackJack (idBlackJack,dataHora,lucroCasino,pontuacaoCasa,pontuacaoJogador,aposta,idEquipamento) VALUES
(1,"2021-05-17 19:28:42", 47, 25, 24, 92, 1),
(2,"2015-02-14 11:10:06", 140, 12, 28, 140, 1),
(3,"2017-04-02 20:25:20", 25, 21, 21, 50, 1),
(4,"2021-11-18 22:59:43", 130, 11, 4, 130, 1),
(5,"2023-08-27 07:18:04", -296, 22, 4, 296, 1),
(6,"2020-02-17 16:26:19", 804, 14, 9, 804, 1),
(7,"2021-09-11 07:20:50", 73, 15, 9, 73, 1),
(8,"2021-07-30 07:39:30", 66, 19, 18, 66, 1),
(9,"2021-09-17 12:07:57", -80, 23, 7, 80, 1),
(10,"2022-11-23 18:11:04", 25, 21, 3, 25, 1),
(11,"2016-07-02 16:35:02", -211, 13, 20, 211, 1),
(12,"2017-04-21 03:59:24", -551, 12, 17, 551, 1),
(13,"2019-12-10 07:31:37", 272, 10, 4, 272, 2),
(14,"2014-01-03 02:11:13", 104, 21, 6, 104, 2),
(15,"2014-06-22 01:32:39", 289, 5, 29, 289, 2),
(16,"2018-12-21 08:33:33", -346, 10, 12, 346, 3),
(17,"2021-10-06 23:14:59", 315, 15, 2, 315, 3),
(18,"2022-07-23 18:06:22", 106, 2, 28, 106, 3),
(19,"2022-08-23 07:45:40", 15, 14, 13, 15, 3),
(20,"2015-04-10 05:03:14", -311, 24, 3, 311, 3),
(21,"2017-07-05 23:28:19", -128, 25, 13, 128, 4),
(22,"2021-01-14 23:41:40", 235, 8, 6, 235, 4),
(23,"2018-03-17 17:00:25", 315, 9, 2, 315, 4),
(24,"2016-10-22 18:52:03", -173, 23, 6, 173, 4),
(25,"2021-07-05 14:05:56", -140, 22, 21, 140, 4),
(26,"2020-04-25 10:01:48", -5, 5, 18, 5, 4),
(27,"2021-09-30 10:09:17", 51, 13, 13, 102, 4),
(28,"2020-10-26 01:31:26", 109, 9, 9, 218, 4),
(29,"2016-01-05 04:37:35", 366, 27, 25, 730, 4),
(30,"2023-02-21 10:16:51", -254, 3, 12, 254, 4),
(31,"2023-09-19 09:58:17", 1, 19, 17, 1, 5),
(32,"2019-11-10 06:12:26", 49, 25, 23, 96, 5),
(33,"2019-03-10 22:33:51", 9, 19, 6, 9, 5),
(34,"2021-04-07 19:00:55", -118, 13, 16, 118, 5),
(35,"2023-07-16 07:14:23", -1, 5, 13, 1, 5),
(36,"2018-06-30 05:16:20", 24, 16, 12, 24, 5),
(37,"2018-12-10 18:04:20", 256, 23, 22, 511, 5),
(38,"2020-01-20 20:27:01", -8, 2, 13, 8, 5),
(39,"2017-02-03 22:11:37", -33, 26, 4, 33, 6),
(40,"2013-12-27 18:51:01", 772, 8, 22, 772, 6),
(41,"2021-02-26 02:26:57", 6, 17, 28, 6, 6),
(42,"2018-01-08 04:17:30", -789, 26, 6, 789, 6),
(43,"2023-06-19 21:59:54", -66, 28, 9, 66, 6),
(44,"2015-05-07 20:23:54", 21, 16, 12, 21, 6),
(45,"2021-08-12 14:16:59", 81, 16, 28, 81, 6),
(46,"2015-09-25 05:49:30", -766, 3, 18, 766, 6),
(47,"2020-12-09 16:33:01", -605, 27, 16, 605, 6),
(48,"2014-09-08 16:14:43", -317, 6, 12, 317, 6),
(49,"2022-03-17 14:51:26", -226, 5, 11, 226, 6),
(50,"2014-04-18 15:36:34", -275, 6, 10, 275, 6),
(51,"2020-02-24 00:58:39", 169, 24, 25, 337, 7),
(52,"2023-03-22 19:25:54", -798, 17, 21, 532, 7),
(53,"2023-03-08 04:03:58", 87, 19, 25, 87, 7),
(54,"2017-02-09 09:15:28", 12, 5, 22, 12, 7),
(55,"2014-08-05 18:16:03", 2, 2, 25, 2, 7),
(56,"2021-10-22 09:11:27", 46, 15, 11, 46, 7),
(57,"2017-10-04 23:03:42", 50, 29, 25, 98, 7),
(58,"2015-05-23 05:27:59", 123, 21, 15, 123, 7),
(59,"2017-11-12 08:13:23", 84, 20, 7, 84, 7),
(60,"2021-02-05 20:40:02", 134, 23, 27, 266, 7),
(61,"2022-04-07 11:06:40", -593, 28, 10, 593, 8),
(62,"2014-03-06 18:09:25", 17, 15, 3, 17, 8),
(63,"2019-06-06 14:12:53", -302, 28, 15, 302, 9),
(64,"2023-03-30 06:33:48", -89, 7, 15, 89, 9),
(65,"2014-06-07 21:55:05", -214, 12, 20, 214, 9),
(66,"2020-03-07 23:32:06", 464, 15, 8, 464, 9),
(67,"2015-10-13 10:26:41", 61, 15, 25, 61, 9),
(68,"2019-03-26 20:39:36", 158, 12, 9, 158, 9),
(69,"2014-07-13 12:47:04", -29, 3, 6, 29, 10),
(70,"2020-11-29 20:18:20", 115, 11, 22, 115, 10),
(71,"2018-11-26 14:19:00", 24, 16, 6, 24, 10),
(72,"2015-10-09 03:51:39", 357, 8, 2, 357, 11),
(73,"2019-07-16 23:57:11", 196, 18, 18, 393, 12),
(74,"2022-04-01 02:07:25", 436, 6, 2, 436, 12),
(75,"2016-04-18 06:47:30", 169, 6, 23, 169, 12),
(76,"2014-03-17 17:21:36", -9, 27, 18, 9, 12),
(77,"2014-08-01 01:52:35", 442, 13, 4, 442, 12),
(78,"2021-04-03 16:08:49", -12, 25, 20, 12, 12),
(79,"2020-11-15 18:03:06", -61, 15, 17, 61, 12),
(80,"2014-08-25 00:15:10", 106, 25, 28, 210, 12),
(81,"2020-06-12 23:19:29", 119, 11, 8, 119, 12),
(82,"2019-01-11 00:35:48", 280, 9, 8, 280, 12),
(83,"2015-09-29 23:01:18", 356, 17, 27, 356, 12),
(84,"2014-05-03 23:49:04", -255, 23, 6, 255, 12),
(85,"2018-01-02 22:01:06", 300, 10, 7, 300, 12),
(86,"2017-12-17 19:39:39", -301, 22, 9, 301, 13),
(87,"2022-01-19 19:28:11", 645, 20, 29, 645, 13),
(88,"2014-07-11 00:00:39", -341, 22, 14, 341, 13),
(89,"2014-04-30 09:30:05", 180, 14, 23, 180, 13),
(90,"2023-08-06 01:02:34", -47, 10, 14, 47, 13),
(91,"2020-07-17 07:42:59", -83, 6, 16, 83, 13),
(92,"2016-01-31 03:28:08", -58, 8, 12, 58, 13),
(93,"2019-08-31 04:34:14", -3, 11, 20, 3, 13),
(94,"2017-01-26 22:38:08", -728, 2, 14, 728, 13),
(95,"2023-10-28 11:25:48", -112, 2, 16, 112, 13),
(96,"2022-03-29 14:16:34", 420, 8, 26, 420, 14),
(97,"2019-01-15 21:32:42", 335, 9, 29, 335, 14),
(98,"2022-09-18 04:50:19", -538, 10, 14, 538, 14),
(99,"2020-08-26 04:07:26", -156, 10, 12, 156, 14),
(100,"2017-09-16 14:54:37", -278, 5, 6, 278, 14),
(101,"2017-09-23 02:51:22", 389, 19, 22, 389, 14),
(102,"2021-01-07 10:40:52", -112, 27, 2, 112, 14),
(103,"2021-09-02 14:23:41", 118, 16, 24, 118, 14),
(104,"2021-08-02 09:46:57", -737, 19, 20, 737, 14),
(105,"2021-08-11 20:59:39", -94, 2, 11, 94, 15),
(106,"2023-01-10 05:59:08", 52, 3, 22, 52, 15),
(107,"2017-10-28 10:29:02", 588, 16, 7, 588, 15),
(108,"2014-11-25 20:49:15", 55, 9, 28, 55, 15),
(109,"2021-07-08 04:39:51", -858, 28, 14, 858, 15),
(110,"2017-03-19 08:33:01", 132, 6, 29, 132, 15),
(111,"2020-08-07 09:55:34", -174, 3, 12, 174, 15),
(112,"2014-02-15 16:19:54", 185, 26, 29, 368, 15),
(113,"2017-08-23 12:34:47", 294, 7, 5, 294, 15),
(114,"2020-02-19 13:23:40", -105, 15, 20, 105, 15),
(115,"2019-10-15 01:05:57", 141, 11, 8, 141, 15),
(116,"2020-05-01 06:48:21", -75, 26, 3, 75, 15),
(117,"2015-07-01 04:08:46", 13, 16, 27, 13, 15),
(118,"2014-07-15 15:16:25", -268, 22, 20, 268, 16),
(119,"2023-08-29 20:59:58", -5, 14, 16, 5, 16),
(120,"2021-05-25 20:29:43", -91, 11, 19, 91, 16),
(121,"2015-10-13 15:49:07", -74, 11, 14, 74, 16),
(122,"2019-01-01 02:13:08", 55, 20, 3, 55, 16),
(123,"2023-08-07 08:03:42", 96, 13, 3, 96, 16),
(124,"2015-02-27 00:50:28", 111, 22, 23, 221, 16),
(125,"2022-12-31 05:15:47", 9, 13, 7, 9, 16),
(126,"2021-03-15 17:33:02", 681, 19, 13, 681, 16),
(127,"2020-10-14 18:22:48", 725, 15, 2, 725, 16),
(128,"2020-07-20 07:38:47", 188, 20, 10, 188, 16),
(129,"2021-10-11 00:48:19", 108, 9, 8, 108, 16),
(130,"2018-08-15 19:02:56", 12, 19, 16, 12, 17),
(131,"2017-07-18 09:00:05", -570, 2, 3, 570, 17),
(132,"2022-10-25 13:11:47", -359, 24, 6, 359, 17),
(133,"2016-04-28 17:52:51", 407, 21, 13, 407, 17),
(134,"2020-10-04 01:01:16", 53, 4, 4, 106, 18),
(135,"2019-01-29 19:16:11", 239, 17, 2, 239, 19),
(136,"2014-06-28 12:16:07", -356, 24, 9, 356, 19),
(137,"2020-03-01 19:49:28", 6, 15, 4, 6, 19),
(138,"2016-04-10 08:28:27", 46, 14, 26, 46, 19),
(139,"2021-03-06 13:34:29", 396, 15, 25, 396, 19),
(140,"2021-03-05 06:32:51", 403, 13, 6, 403, 19),
(141,"2023-04-02 18:04:18", 2, 22, 29, 2, 19),
(142,"2017-08-25 15:14:21", -26, 3, 7, 26, 19),
(143,"2019-01-08 23:11:16", -196, 27, 5, 196, 19),
(144,"2016-07-01 13:51:51", -245, 23, 14, 245, 19),
(145,"2018-09-15 11:44:25", -68, 11, 17, 68, 19),
(146,"2021-09-29 19:41:40", 130, 18, 22, 130, 19),
(147,"2014-12-19 14:15:22", 240, 17, 25, 240, 19),
(148,"2022-07-21 02:39:08", -176, 4, 10, 176, 19),
(149,"2015-06-06 18:06:29", 299, 6, 23, 299, 19),
(150,"2017-12-22 18:09:48", 235, 17, 23, 235, 19),
(151,"2014-03-09 20:16:05", -234, 7, 11, 234, 19),
(152,"2018-05-27 07:53:35", 807, 21, 16, 807, 19),
(153,"2019-03-26 20:59:39", -217, 4, 17, 217, 20),
(154,"2023-10-19 16:26:19", -1, 5, 10, 1, 20),
(155,"2020-01-01 10:58:30", -276, 11, 17, 276, 20),
(156,"2015-04-27 21:11:20", -140, 16, 18, 140, 20),
(157,"2014-07-11 02:04:42", 168, 6, 27, 168, 20),
(158,"2015-09-22 05:37:16", 295, 22, 22, 589, 20),
(159,"2015-05-16 22:47:43", 14, 14, 28, 14, 20),
(160,"2016-11-30 02:38:35", -152, 3, 4, 152, 20),
(161,"2021-08-28 10:06:51", 120, 20, 8, 120, 20),
(162,"2020-04-13 12:50:40", -46, 12, 13, 46, 20),
(163,"2015-05-30 18:35:07", -154, 28, 14, 154, 20),
(164,"2017-10-18 23:02:47", 40, 17, 22, 40, 20),
(165,"2021-01-30 11:38:46", -206, 26, 7, 206, 20),
(166,"2023-05-10 17:46:30", -247, 8, 16, 247, 20),
(167,"2015-04-09 00:06:19", 236, 19, 18, 236, 20),
(168,"2016-11-25 03:49:42", -291, 26, 17, 291, 20),
(169,"2016-04-25 19:56:56", 238, 24, 27, 474, 21),
(170,"2019-10-21 14:57:23", 232, 21, 13, 232, 21),
(171,"2023-09-27 22:14:01", 20, 15, 28, 20, 21),
(172,"2021-12-27 07:12:54", 35, 12, 29, 35, 21),
(173,"2020-06-24 18:03:24", 30, 18, 24, 30, 21),
(174,"2023-04-24 20:01:28", -16, 8, 15, 16, 21),
(175,"2018-10-12 07:51:42", 263, 7, 25, 263, 21),
(176,"2017-06-11 14:37:47", 145, 7, 2, 145, 21),
(177,"2022-04-13 17:51:41", -5, 5, 19, 5, 21),
(178,"2020-11-19 00:00:31", 331, 23, 29, 661, 21),
(179,"2016-04-25 14:46:56", 154, 19, 16, 154, 21),
(180,"2020-10-03 19:23:58", -759, 12, 18, 759, 21),
(181,"2015-12-18 09:19:54", 461, 18, 17, 461, 21),
(182,"2015-02-04 11:36:12", -5, 7, 15, 5, 21),
(183,"2019-12-05 20:25:30", -58, 26, 18, 58, 21),
(184,"2022-04-07 10:46:51", -151, 28, 16, 151, 21),
(185,"2017-10-31 18:32:16", -579, 2, 9, 579, 22),
(186,"2022-02-23 22:28:19", 275, 20, 2, 275, 22),
(187,"2019-06-24 20:39:19", 22, 25, 27, 43, 23),
(188,"2019-04-30 15:51:14", 227, 10, 5, 227, 24),
(189,"2022-01-07 11:19:09", 133, 15, 14, 133, 24),
(190,"2018-09-14 18:53:07", -106, 24, 13, 106, 24),
(191,"2016-04-19 18:01:34", -160, 28, 7, 160, 24),
(192,"2017-11-04 21:27:59", -736, 29, 13, 736, 25),
(193,"2021-11-17 13:21:00", -338, 11, 15, 338, 25),
(194,"2020-08-26 15:54:51", 132, 14, 26, 132, 25),
(195,"2015-07-17 21:31:39", -719, 5, 21, 479, 25),
(196,"2022-11-13 10:28:22", -4, 7, 8, 4, 25),
(197,"2023-07-08 05:08:38", -7, 3, 16, 7, 25),
(198,"2019-03-07 03:40:28", 122, 15, 27, 122, 25),
(199,"2015-12-11 21:17:46", 59, 13, 6, 59, 25),
(200,"2020-10-14 21:33:10", 186, 8, 25, 186, 25),
(201,"2021-01-14 10:24:42", -237, 28, 15, 237, 25),
(202,"2015-10-10 08:36:52", 808, 20, 7, 808, 25),
(203,"2020-02-01 03:12:16", 29, 24, 25, 56, 25),
(204,"2016-03-21 17:00:53", 271, 13, 11, 271, 25),
(205,"2021-01-19 17:28:04", 1, 3, 2, 1, 25),
(206,"2018-12-14 12:55:34", -201, 4, 10, 201, 25),
(207,"2019-02-09 01:00:17", 174, 18, 8, 174, 25),
(208,"2022-05-26 11:31:23", 73, 3, 3, 147, 25),
(209,"2016-03-14 05:44:02", 363, 13, 6, 363, 25),
(210,"2017-05-26 00:54:07", 205, 24, 27, 409, 25),
(211,"2014-12-20 23:00:23", -100, 28, 10, 100, 26),
(212,"2016-11-04 15:01:59", -346, 15, 17, 346, 26),
(213,"2019-07-08 16:50:23", 273, 9, 7, 273, 26),
(214,"2013-11-28 13:10:16", 520, 12, 9, 520, 26),
(215,"2014-07-14 11:10:18", 69, 23, 28, 137, 26),
(216,"2018-06-16 06:03:54", -26, 7, 18, 26, 26),
(217,"2023-08-29 12:32:57", -53, 14, 20, 53, 26),
(218,"2021-06-06 12:59:09", -93, 29, 14, 93, 26),
(219,"2016-06-26 07:37:42", -121, 22, 18, 121, 27),
(220,"2015-11-23 23:02:16", 145, 2, 24, 145, 27),
(221,"2016-05-18 09:10:10", -184, 22, 17, 184, 27),
(222,"2021-07-28 06:21:42", 174, 2, 24, 174, 27),
(223,"2015-05-04 09:38:18", -32, 9, 15, 32, 27),
(224,"2015-08-26 03:46:13", -636, 29, 11, 636, 27),
(225,"2016-11-02 08:26:28", 16, 11, 8, 16, 27),
(226,"2020-02-14 13:04:48", -784, 10, 16, 784, 27),
(227,"2021-12-02 19:34:28", 388, 21, 22, 388, 27),
(228,"2022-02-08 06:44:18", -250, 7, 11, 250, 27),
(229,"2015-05-12 02:10:52", -24, 26, 9, 24, 27),
(230,"2015-09-06 04:11:20", 567, 20, 10, 567, 27),
(231,"2020-02-08 15:36:25", 612, 10, 24, 612, 27),
(232,"2015-12-14 23:06:18", 258, 7, 22, 258, 27),
(233,"2014-08-29 16:30:53", 56, 12, 29, 56, 27),
(234,"2019-06-13 09:46:51", 244, 9, 25, 244, 27),
(235,"2021-04-19 20:35:07", 163, 22, 22, 325, 27),
(236,"2015-03-11 20:18:11", 14, 10, 29, 14, 28),
(237,"2016-08-16 02:33:23", -96, 8, 21, 64, 28),
(238,"2014-12-24 04:57:09", -14, 10, 12, 14, 28),
(239,"2023-11-15 03:35:12", -24, 4, 10, 24, 28),
(240,"2019-05-16 11:54:04", 259, 10, 2, 259, 28),
(241,"2020-10-09 11:09:26", -233, 26, 4, 233, 29),
(242,"2015-07-05 05:28:27", -220, 15, 18, 220, 29),
(243,"2023-04-08 06:28:21", 858, 2, 22, 858, 30),
(244,"2014-04-03 08:43:51", 580, 17, 23, 580, 30),
(245,"2019-09-04 01:40:47", 71, 21, 5, 71, 30),
(246,"2021-11-08 20:10:57", 348, 19, 22, 348, 30),
(247,"2021-03-17 21:37:05", -44, 10, 17, 44, 31);

INSERT INTO PartidaSlotMachine (idSlotMachine,dataHora, lucroCasino,listaSimbolos,idEquipamento) VALUES
(1,"2019-06-21 16:01:31", 37, "🍑🍌７", 1),
(2,"2019-02-26 01:53:13", 37, "🍒🎁♠", 1),
(3,"2021-11-07 19:32:43", 37, "🍼♣♦", 1),
(4,"2023-03-03 03:09:27", -55, "󰢺󰢺🎁", 1),
(5,"2021-03-07 08:56:14", -55, "🍒🍒♦", 1),
(6,"2018-04-11 05:14:37", 37, "🍼🍌🍒", 1),
(7,"2015-12-12 15:22:21", 37, "💩♠♥", 1),
(8,"2023-10-17 23:37:52", 37, "🎁♥🍌", 1),
(9,"2019-07-24 10:33:10", 37, "🍒♣🍐", 1),
(10,"2014-05-07 11:13:47", 37, "🍐🎁💩", 1),
(11,"2018-08-06 13:33:04", 37, "♠♦🍑", 1),
(12,"2019-10-31 16:43:34", 37, "🍆🍒♥", 1),
(13,"2019-10-28 03:33:35", 37, "🍒󰢺💩", 1),
(14,"2017-02-04 10:02:08", 37, "󰢺💩♣", 1),
(15,"2015-05-24 17:09:40", 37, "♦🍆🍐", 1),
(16,"2018-09-29 22:01:09", 37, "🍆♣🍑", 1),
(17,"2019-10-20 04:36:45", 37, "♦７󰢺", 1),
(18,"2015-04-11 08:17:51", 21, "♣７🎁", 2),
(19,"2017-01-01 19:14:16", 21, "🍐♦♣", 2),
(20,"2015-06-20 07:21:00", 21, "♦🍼🍐", 2),
(21,"2020-11-11 02:47:46", 21, "🍼♦🎁", 2),
(22,"2018-05-14 08:43:54", -31, "🍑🍐🍐", 2),
(23,"2015-12-30 15:18:32", 21, "🎁🍑🍐", 2),
(24,"2016-11-24 22:34:56", -31, "７🍒🍒", 2),
(25,"2018-10-14 19:26:59", 21, "🎁🍼７", 2),
(26,"2023-07-25 02:40:50", 21, "💩🍒🍐", 2),
(27,"2014-07-23 03:57:16", 21, "🎁♥󰢺", 2),
(28,"2016-03-31 22:55:39", 21, "🍆💩♠", 2),
(29,"2018-02-27 05:17:41", 47, "♦♠♣", 3),
(30,"2022-11-27 13:57:13", 47, "♣７♦", 3),
(31,"2018-02-24 21:42:51", 47, "♠󰢺🍐", 3),
(32,"2015-02-27 04:50:08", 47, "🍒♠🍌", 3),
(33,"2015-08-08 18:56:51", 47, "🍆🍼♥", 3),
(34,"2021-11-06 09:31:41", 47, "🍒💩♣", 3),
(35,"2015-11-15 05:06:49", -48, "🍆💩💩", 4),
(36,"2017-08-12 05:09:41", 32, "♦７♠", 4),
(37,"2016-04-09 15:04:19", -48, "🍆🍆♦", 4),
(38,"2018-10-02 16:40:56", -48, "🍒🍒♠", 4),
(39,"2017-01-22 07:45:28", 32, "７♣♦", 4),
(40,"2018-08-10 11:04:26", 32, "💩🎁🍐", 4),
(41,"2021-06-18 02:46:53", 32, "♥🍆💩", 4),
(42,"2022-06-14 16:33:49", 32, "🎁󰢺♣", 4),
(43,"2020-11-26 15:02:43", 32, "󰢺🍐♣", 4),
(44,"2023-08-21 05:11:33", 32, "🍆♦♥", 4),
(45,"2018-06-29 10:33:55", -48, "♦🍑🍑", 4),
(46,"2019-10-06 01:05:53", 32, "💩🍼🍑", 4),
(47,"2018-09-25 20:16:11", 32, "🍆🍼💩", 4),
(48,"2020-07-03 06:49:55", 32, "💩７🍑", 4),
(49,"2017-05-11 02:49:14", 32, "♠🍒🍼", 4),
(50,"2017-01-01 07:54:14", 44, "♠🍐🍑", 5),
(51,"2017-01-10 18:26:08", -66, "🍐🍐󰢺", 5),
(52,"2016-10-29 19:04:04", 44, "🍐🍌♦", 5),
(53,"2016-07-04 04:43:45", 44, "🍼🍒󰢺", 5),
(54,"2017-12-31 04:38:52", 40, "♣♥♠", 6),
(55,"2014-06-20 20:56:58", 40, "♦🍆🍼", 6),
(56,"2023-03-21 20:20:00", 40, "🍑♠󰢺", 6),
(57,"2022-03-06 13:31:00", 40, "🍆🎁🍌", 6),
(58,"2023-07-07 05:16:51", 40, "７🍼♠", 6),
(59,"2018-10-12 05:59:21", -60, "💩♣💩", 6),
(60,"2017-08-28 09:01:07", 40, "🎁🍑♥", 6),
(61,"2023-06-09 03:31:12", 40, "７🍐♣", 6),
(62,"2020-12-05 01:40:12", -60, "♠♠♥", 6),
(63,"2021-08-14 11:59:44", 40, "🍒💩🍑", 6),
(64,"2017-12-31 01:23:41", 40, "🍐🎁♥", 6),
(65,"2016-01-17 18:51:02", 40, "🍆♦♥", 6),
(66,"2016-06-15 01:39:07", 40, "🍌♥🍼", 6),
(67,"2014-08-25 14:45:39", -60, "🍆🍆♠", 6),
(68,"2014-02-11 05:06:01", 49, "♦🍒♠", 7),
(69,"2022-04-13 13:02:58", 49, "💩󰢺♦", 7),
(70,"2019-07-11 21:24:53", -73, "🍆７７", 7),
(71,"2021-06-21 02:34:40", 49, "󰢺♣💩", 7),
(72,"2017-05-08 04:58:36", 49, "７🍑🍼", 7),
(73,"2016-10-07 02:58:59", 49, "７🎁💩", 7),
(74,"2015-08-12 11:50:32", 49, "🍆🍑♠", 7),
(75,"2023-01-13 09:14:25", 49, "💩♦🍌", 7),
(76,"2017-08-29 20:12:25", 49, "♠💩🍐", 7),
(77,"2023-10-06 23:11:47", 49, "🍆♣🍒", 7),
(78,"2023-01-10 00:09:29", 49, "♥７🍌", 7),
(79,"2015-01-07 22:25:53", 49, "🍆💩🍐", 7),
(80,"2016-10-20 00:57:00", -73, "７７♦", 7),
(81,"2017-12-20 07:46:30", 49, "💩🍆🍒", 7),
(82,"2015-02-20 21:43:56", 49, "７󰢺♥", 7),
(83,"2023-07-26 10:51:15", 13, "🍼🍒♠", 8),
(84,"2018-02-27 10:12:54", 13, "🍌♦🍑", 8),
(85,"2018-07-07 11:04:17", 13, "💩🍼♠", 8),
(86,"2017-03-15 15:51:13", 13, "♦🎁🍆", 8),
(87,"2022-10-17 07:00:59", 13, "🍐７🍼", 8),
(88,"2021-12-20 15:49:04", 13, "󰢺🍌🍑", 8),
(89,"2015-02-09 10:14:11", 13, "🍐🍒🍼", 8),
(90,"2014-09-25 02:27:50", 13, "７🍆🍒", 8),
(91,"2016-07-21 06:32:09", 13, "🍑🍌󰢺", 8),
(92,"2022-07-04 17:42:14", 13, "🎁♦♠", 8),
(93,"2018-06-25 07:16:15", 13, "󰢺🍒♠", 8),
(94,"2018-03-05 06:00:37", 13, "🍼🍐🍒", 8),
(95,"2016-05-29 08:30:10", 13, "🍒♣♥", 8),
(96,"2015-03-05 09:49:58", 13, "７💩♠", 8),
(97,"2023-04-15 22:43:31", 13, "♦♥🍑", 8),
(98,"2020-08-18 11:27:47", 13, "💩♦🍼", 8),
(99,"2015-05-03 10:06:38", 13, "♥♦🍆", 8),
(100,"2018-11-25 07:07:44", 10, "♦🍌󰢺", 9),
(101,"2019-09-22 10:50:00", 10, "🎁󰢺🍼", 9),
(102,"2014-03-06 03:15:33", 10, "🍆🍌🍒", 9),
(103,"2023-01-02 00:51:57", 10, "🍆🍒💩", 9),
(104,"2019-04-04 07:04:40", 10, "🍐♣🍼", 9),
(105,"2022-01-11 21:34:37", 10, "💩🍌🎁", 9),
(106,"2017-04-16 12:06:24", 10, "🍐７🍼", 9),
(107,"2020-07-18 11:16:54", 10, "🍒🎁７", 9),
(108,"2021-03-29 00:02:12", -15, "🍼♦♦", 9),
(109,"2018-10-16 10:52:47", -140, "♣♣♣", 9),
(110,"2016-04-01 04:06:26", -15, "🍑🎁🍑", 9),
(111,"2014-08-05 15:06:49", 10, "♥🍐♣", 9),
(112,"2018-08-05 16:12:47", -15, "🍑🍼🍑", 9),
(113,"2016-10-15 18:10:58", -15, "💩💩🍆", 9),
(114,"2014-11-10 21:29:28", 10, "🍑🍒７", 9),
(115,"2020-11-03 03:16:40", 10, "🍐🍑♣", 9),
(116,"2014-07-15 01:06:41", 36, "♥󰢺♠", 10),
(117,"2019-11-17 02:37:12", -54, "🍑♠♠", 10),
(118,"2018-02-25 10:00:44", -60, "🍆🍼🍆", 11),
(119,"2020-09-11 16:21:56", 40, "🍒🍌７", 11),
(120,"2022-09-07 03:13:18", -60, "🍆♣🍆", 11),
(121,"2017-03-15 02:52:13", 40, "７♠🍒", 11),
(122,"2015-11-27 01:41:47", -60, "♠🍆🍆", 11),
(123,"2018-07-30 06:16:27", 40, "♥🎁♦", 11),
(124,"2013-12-07 17:54:28", 43, "🎁🍆🍑", 12),
(125,"2019-01-08 16:44:55", 43, "🍑♦󰢺", 12),
(126,"2020-01-26 00:42:51", 43, "🍐♦🍌", 12),
(127,"2020-09-24 06:03:58", 43, "💩🍒🍆", 12),
(128,"2023-10-02 14:14:44", -64, "🎁🎁🍐", 12),
(129,"2016-11-13 04:07:30", 43, "♠🍆♦", 12),
(130,"2020-03-07 19:48:00", 43, "󰢺🍐🍑", 12),
(131,"2016-02-29 08:02:44", 43, "♠🍼🍌", 12),
(132,"2021-04-02 13:28:55", 43, "🍌🍒♦", 12),
(133,"2016-01-09 11:55:31", 43, "🍆💩🎁", 12),
(134,"2018-10-19 10:34:51", 43, "🍼💩🍒", 12),
(135,"2020-11-08 09:28:12", 43, "󰢺７🍌", 12),
(136,"2015-09-02 04:09:27", 43, "🍒♥💩", 12),
(137,"2022-06-19 23:12:33", 43, "♠💩🍒", 12),
(138,"2021-12-30 03:55:01", -64, "♠♠♦", 12),
(139,"2022-08-17 00:07:07", 43, "🎁💩🍒", 12),
(140,"2014-11-21 10:10:33", 43, "７🍐♥", 12),
(141,"2017-03-11 04:05:05", 42, "♥🍐♦", 13),
(142,"2022-11-14 15:36:23", 42, "♣🎁♦", 13),
(143,"2022-03-30 15:08:51", 42, "🍼󰢺♥", 13),
(144,"2023-10-15 14:19:37", 4, "🍆♠🎁", 14),
(145,"2021-03-03 23:07:10", 4, "♦💩󰢺", 14),
(146,"2020-04-28 20:51:53", -6, "🍌🍌🍼", 14),
(147,"2023-05-17 08:09:54", -6, "🍌🍌🍐", 14),
(148,"2018-07-29 16:23:07", 4, "💩🍐🎁", 14),
(149,"2018-05-16 18:22:46", 4, "♠♣♥", 14),
(150,"2017-06-07 12:57:56", -6, "🍑🎁🍑", 14),
(151,"2019-03-15 12:09:06", 4, "🍒♣󰢺", 14),
(152,"2020-05-18 18:12:26", 4, "🍐󰢺♠", 14),
(153,"2020-10-15 12:51:23", 4, "🍼🎁🍐", 14),
(154,"2017-02-09 23:26:56", 4, "🎁󰢺🍑", 14),
(155,"2021-10-05 08:07:06", 4, "♠７🍆", 14),
(156,"2023-04-18 07:39:03", 4, "🍌♣󰢺", 14),
(157,"2016-12-07 09:58:07", 4, "🍒♠🍌", 14),
(158,"2015-10-21 12:58:55", -6, "🍼🍼💩", 14),
(159,"2022-12-24 09:32:21", 4, "🍑💩🍆", 14),
(160,"2015-06-13 12:47:24", 7, "🍼🍆🍌", 15),
(161,"2017-12-30 05:40:37", 7, "💩🍒🍑", 15),
(162,"2017-12-30 04:21:08", 7, "🍒♥󰢺", 15),
(163,"2014-07-25 01:30:32", 36, "７🍐🍌", 16),
(164,"2017-07-25 12:25:53", 36, "♦💩🎁", 16),
(165,"2023-10-30 00:28:24", 36, "🎁💩󰢺", 16),
(166,"2021-08-27 01:14:20", 36, "🍒🍑♥", 16),
(167,"2022-06-04 12:03:08", 36, "🍆🍼♥", 16),
(168,"2014-03-11 17:11:33", 36, "🍼🍑󰢺", 16),
(169,"2016-06-23 04:52:21", 36, "🍒🎁󰢺", 16),
(170,"2019-01-20 07:01:47", 36, "🍐💩🍑", 16),
(171,"2021-01-10 14:54:30", 36, "♠🍆🍌", 16),
(172,"2020-01-02 17:48:33", 36, "🎁７🍑", 16),
(173,"2019-11-17 12:22:31", -54, "💩💩７", 16),
(174,"2014-03-01 20:31:04", 2, "♣♥🍌", 17),
(175,"2021-02-28 15:18:43", -3, "🍐🍐７", 17),
(176,"2016-02-11 22:11:42", 2, "🍆🍼💩", 17),
(177,"2019-01-15 11:37:01", -3, "🍆🍒🍒", 17),
(178,"2020-09-20 05:51:43", 2, "💩♥🎁", 17),
(179,"2018-07-11 01:04:37", 2, "♥７🍑", 17),
(180,"2014-01-12 08:02:58", 2, "♠󰢺🍑", 17),
(181,"2021-03-30 09:56:54", 2, "🍐♠🎁", 17),
(182,"2014-12-18 05:11:59", 2, "🍑🍆🍒", 17),
(183,"2023-07-16 20:17:42", -70, "♦🍑♦", 18),
(184,"2019-01-13 11:24:26", 47, "♣󰢺７", 18),
(185,"2021-05-11 03:40:10", 47, "💩♥🍆", 18),
(186,"2017-08-05 00:56:23", 47, "󰢺💩🍆", 18),
(187,"2015-11-10 08:19:36", 47, "🍼🍌７", 18),
(188,"2019-09-30 06:10:17", 47, "♥♦♠", 18),
(189,"2023-02-12 17:57:05", -70, "🍆🍑🍆", 18),
(190,"2023-05-15 06:27:48", 47, "🍆🍼♠", 18),
(191,"2014-10-10 19:06:35", 47, "🍐🍒󰢺", 18),
(192,"2014-04-01 00:25:54", -70, "🍒🍒🍑", 18),
(193,"2023-07-18 11:59:45", -70, "🎁🍆🍆", 18),
(194,"2021-08-04 12:48:13", 47, "🍆🍒♣", 18),
(195,"2022-01-04 14:23:50", 47, "🎁♦🍆", 18),
(196,"2020-11-18 22:09:15", 47, "🍼♥♠", 18),
(197,"2015-02-27 08:27:28", 47, "♥🍐♠", 18),
(198,"2015-02-18 13:12:49", 2, "♦♣󰢺", 19),
(199,"2015-05-13 18:09:03", -3, "♣７７", 19),
(200,"2023-01-17 18:31:46", 2, "🍐♥󰢺", 19),
(201,"2017-07-19 22:10:15", -3, "🍌🍑🍑", 19),
(202,"2022-01-03 07:51:19", 2, "🍑♦🍒", 19),
(203,"2016-08-14 19:25:17", 2, "󰢺💩７", 19),
(204,"2016-10-02 01:22:11", 2, "♦💩🍒", 19),
(205,"2021-06-27 12:49:37", -3, "７７♦", 19),
(206,"2023-02-01 21:33:10", -28, "７７💩", 20),
(207,"2019-05-30 20:09:15", 19, "🎁🍼🍐", 20),
(208,"2017-06-17 15:38:17", 19, "🍆🍒♥", 20),
(209,"2022-08-27 05:28:05", 19, "♠🍌🍆", 20),
(210,"2023-03-07 15:22:05", 19, "♣󰢺🍒", 20),
(211,"2015-12-11 15:19:57", 19, "♣💩♠", 20),
(212,"2017-07-21 03:33:40", 19, "♥🍐♣", 20),
(213,"2020-03-26 18:09:57", -28, "７７♣", 20),
(214,"2021-09-17 09:00:53", 19, "💩♠♥", 20),
(215,"2019-03-31 21:43:11", 19, "🍒🍼♥", 20),
(216,"2021-07-07 22:56:07", 19, "７🍆💩", 20),
(217,"2015-03-17 11:37:58", 19, "🍆🍒🍑", 20),
(218,"2016-08-09 11:54:53", 19, "󰢺🎁🍑", 20),
(219,"2017-06-14 00:55:45", 19, "🍑🎁🍐", 20),
(220,"2022-02-07 08:39:12", 19, "💩♦󰢺", 20),
(221,"2015-04-14 19:54:58", -28, "♠♠🍆", 20),
(222,"2018-12-07 14:23:57", 19, "♠🍒♥", 20),
(223,"2019-11-15 04:14:54", 19, "💩🍌７", 20),
(224,"2022-06-14 10:33:24", 28, "🍐７♣", 21),
(225,"2020-11-03 02:23:18", -42, "♦󰢺󰢺", 21),
(226,"2020-08-04 16:43:11", -42, "♣♣󰢺", 21),
(227,"2016-08-01 09:40:43", -42, "🍑󰢺🍑", 21),
(228,"2020-04-05 03:40:15", -42, "󰢺󰢺💩", 21),
(229,"2014-07-15 12:01:46", -42, "🍑🍐🍑", 21),
(230,"2014-01-16 01:25:11", 28, "🍆🍼♣", 21),
(231,"2018-02-21 19:26:06", 28, "🎁♥🍆", 21),
(232,"2016-06-10 03:51:18", 28, "７💩󰢺", 21),
(233,"2023-03-25 02:41:41", -42, "󰢺󰢺🍑", 21),
(234,"2021-09-07 09:51:05", 32, "７🎁♦", 22),
(235,"2021-05-05 12:52:35", 32, "🍼🎁🍒", 22),
(236,"2019-06-03 04:39:05", 32, "🍐🍌🍆", 22),
(237,"2015-05-21 03:52:46", 32, "🍒💩🍆", 22),
(238,"2022-07-14 07:25:09", 32, "♠♥♣", 22),
(239,"2018-07-26 02:47:49", 32, "💩♦󰢺", 22),
(240,"2018-07-16 06:55:13", -48, "💩💩♠", 22),
(241,"2014-09-17 13:55:31", 32, "🍑♠７", 22),
(242,"2019-04-04 00:55:58", 17, "💩♥🎁", 23),
(243,"2015-07-21 15:34:15", 17, "󰢺♥🍆", 23),
(244,"2020-11-15 19:23:58", -25, "🍌💩💩", 23),
(245,"2015-03-22 05:32:44", -25, "🎁🍌🎁", 23),
(246,"2023-02-17 03:25:18", 17, "🍆🎁🍐", 23),
(247,"2020-07-16 16:05:36", 17, "♦🍆７", 23),
(248,"2017-01-07 13:22:12", 17, "🍌７🎁", 23),
(249,"2018-04-03 19:17:41", 17, "🍼💩🍐", 23),
(250,"2014-12-16 12:52:32", 17, "🍆🎁🍒", 23),
(251,"2016-08-29 11:58:50", 17, "🍑💩🍆", 23),
(252,"2019-05-08 06:06:18", 17, "７󰢺🍼", 23),
(253,"2013-12-13 22:15:52", -25, "🍆🍑🍑", 23),
(254,"2017-01-07 00:51:34", 26, "🍆🎁💩", 24),
(255,"2019-01-05 21:53:01", -39, "♦♦🍌", 24),
(256,"2019-06-05 10:13:51", 26, "♥💩🍼", 24),
(257,"2019-12-20 11:24:26", 26, "🍆♣🍼", 24),
(258,"2016-08-09 01:08:31", -39, "󰢺♦󰢺", 24),
(259,"2018-08-24 02:57:49", 26, "🍐💩󰢺", 24),
(260,"2019-05-13 06:12:42", 1, "🍒🍆♥", 25),
(261,"2023-03-30 14:28:54", -1, "🍌🍼🍼", 25),
(262,"2018-12-08 04:22:12", 1, "♠７󰢺", 25),
(263,"2014-03-02 02:34:52", 1, "💩🍒🍼", 25),
(264,"2023-04-10 19:44:57", 1, "７🎁💩", 25),
(265,"2016-02-08 00:30:25", -1, "♦🍑♦", 25),
(266,"2019-09-30 14:44:36", -1, "🍼🍼💩", 25),
(267,"2022-03-29 15:08:50", 1, "🎁🍌🍼", 25),
(268,"2018-09-12 10:56:21", -1, "♠♠🍆", 25),
(269,"2015-12-13 15:15:10", 1, "🍑🍼🍐", 25),
(270,"2018-12-20 22:24:15", 1, "♥♦🎁", 25),
(271,"2022-02-06 11:10:48", -1, "🍒🍐🍐", 25),
(272,"2014-04-09 12:05:18", 1, "♦󰢺🍼", 25),
(273,"2018-08-12 19:06:58", 1, "７🍑♥", 25),
(274,"2023-11-06 15:06:44", -1, "♣🍼🍼", 25),
(275,"2019-08-26 16:04:21", -15, "🍒🍒７", 26),
(276,"2016-06-16 01:19:45", -15, "🎁🎁🍐", 26),
(277,"2017-07-17 15:26:09", 10, "󰢺🍐♦", 26),
(278,"2015-05-12 12:55:58", 10, "♠♣♦", 26),
(279,"2014-01-23 15:17:08", 10, "🎁🍑♠", 26),
(280,"2015-12-09 03:21:15", 10, "🎁🍒♥", 26),
(281,"2022-06-02 19:12:10", 10, "🍆🍑🍒", 26),
(282,"2018-03-20 03:07:24", 29, "♠♣７", 27),
(283,"2019-12-11 17:08:36", -43, "🎁♠🎁", 27),
(284,"2016-01-16 23:06:06", 29, "♦♥７", 27),
(285,"2023-09-30 22:04:12", 29, "💩🍐♠", 27),
(286,"2014-06-20 06:08:37", 29, "🍼♣🍐", 27),
(287,"2018-05-20 16:39:25", -43, "🍆🍼🍆", 27),
(288,"2016-06-22 01:23:28", -43, "🎁♥♥", 27),
(289,"2015-08-20 00:35:15", -33, "🍒󰢺󰢺", 28),
(290,"2014-04-13 11:23:20", 22, "💩♣♦", 28),
(291,"2015-06-10 01:37:12", 22, "🍆🍒󰢺", 28),
(292,"2022-06-22 03:58:04", -33, "💩♠♠", 28),
(293,"2018-03-16 03:17:54", 22, "７♣♥", 28),
(294,"2015-06-03 05:56:43", 22, "♦🍑💩", 28),
(295,"2019-02-09 14:19:07", 22, "🍆🍐🍼", 28),
(296,"2015-06-27 14:07:49", 22, "７♦🍼", 28),
(297,"2014-08-28 12:30:52", 22, "♣🍐♦", 28),
(298,"2021-07-04 09:12:57", 22, "󰢺🍐🍼", 28),
(299,"2015-04-15 04:57:08", 22, "󰢺🍒🍐", 28),
(300,"2022-12-19 10:41:26", 22, "💩🎁🍼", 28),
(301,"2016-12-05 13:58:24", 22, "🍼󰢺♠", 28),
(302,"2017-05-11 06:35:03", 22, "󰢺💩７", 28),
(303,"2017-02-11 17:21:33", 22, "🍐７♥", 28),
(304,"2023-06-20 08:19:58", 22, "７💩🍑", 28),
(305,"2018-06-08 21:24:24", 22, "🍐🍒🍆", 28),
(306,"2019-05-10 10:20:34", -33, "🍐🍐♣", 28),
(307,"2015-04-02 23:19:33", 43, "🎁♦７", 29),
(308,"2013-12-14 19:25:44", 43, "♥🍑🍐", 29),
(309,"2019-03-31 07:22:00", 43, "♠🍌🍐", 29),
(310,"2017-07-22 12:29:24", 43, "🍑♦🎁", 29),
(311,"2015-08-19 15:12:05", 43, "🍆♥♦", 29),
(312,"2017-07-10 22:09:39", 43, "󰢺💩♣", 29),
(313,"2017-03-19 14:34:03", 43, "🍌♦🍒", 29),
(314,"2015-06-24 07:52:58", 43, "🎁󰢺💩", 29),
(315,"2019-03-01 00:16:05", 43, "🍌🍐💩", 29),
(316,"2022-10-17 23:57:43", 43, "🍼🍆７", 29),
(317,"2019-09-26 19:18:29", 43, "💩７🎁", 29),
(318,"2020-10-03 10:32:49", 43, "♦７🍌", 29),
(319,"2021-07-07 10:13:27", 43, "♥🍒🍆", 29),
(320,"2022-02-25 04:53:21", -64, "🎁♣♣", 29),
(321,"2017-04-21 00:43:55", 43, "🍒🍑７", 29),
(322,"2013-12-22 10:37:08", 43, "🍌󰢺🍆", 29),
(323,"2017-11-12 12:27:42", 43, "🎁🍑💩", 29),
(324,"2022-02-23 10:02:16", 43, "♣🍑♠", 29),
(325,"2015-11-04 10:10:48", 43, "♥🍼🎁", 29),
(326,"2019-08-03 10:26:32", 49, "♥♣💩", 30),
(327,"2015-02-12 12:00:47", 49, "♥🎁♣", 30),
(328,"2020-01-03 16:05:32", 49, "♥♦🍼", 30),
(329,"2015-08-31 09:52:36", 49, "♦󰢺💩", 30),
(330,"2023-01-28 23:26:04", 49, "💩♠🍐", 30),
(331,"2019-08-16 04:30:45", 49, "♥🍐🍒", 30),
(332,"2021-09-12 23:06:37", -73, "♥💩💩", 30),
(333,"2015-02-07 10:39:03", 49, "♦󰢺🍑", 30),
(334,"2015-11-22 13:02:19", 49, "🍐♥♠", 30),
(335,"2021-05-06 05:57:33", -73, "🍒🍒♥", 30),
(336,"2017-06-14 06:20:01", 49, "７♦♣", 30),
(337,"2019-08-11 15:02:59", 49, "♠🍼♥", 30),
(338,"2016-03-08 23:14:29", -686, "🍒🍒🍒", 30),
(339,"2017-07-01 18:03:10", 49, "🎁♣🍒", 30),
(340,"2014-07-15 02:42:33", 49, "󰢺🍒♥", 30),
(341,"2018-05-05 10:20:26", 49, "♦♥７", 30),
(342,"2017-04-21 20:17:42", -73, "󰢺🍼🍼", 30),
(343,"2016-06-29 13:53:59", 28, "🍆🍑🎁", 31),
(344,"2018-07-23 12:48:45", 28, "󰢺🍑７", 31),
(345,"2021-08-05 05:11:50", -42, "🍑７７", 31),
(346,"2017-05-09 19:21:25", -42, "💩🍆🍆", 31),
(347,"2015-11-28 23:14:54", 28, "🎁♥🍒", 31),
(348,"2015-10-08 15:06:17", 28, "♥🍒🍌", 31),
(349,"2020-09-01 13:55:08", 28, "♣󰢺♥", 31),
(350,"2014-06-17 02:33:29", -42, "🍆🍑🍑", 31),
(351,"2016-09-04 16:53:43", -42, "🍆🍆💩", 31),
(352,"2023-02-14 16:51:33", 15, "７󰢺🍼", 32),
(353,"2017-12-20 22:18:35", 47, "🎁💩♥", 33),
(354,"2018-11-27 16:42:31", 47, "🍐🍆♥", 33),
(355,"2023-09-14 02:14:38", 47, "🍌７󰢺", 33),
(356,"2016-08-17 21:24:35", 38, "🍑󰢺♦", 34),
(357,"2016-08-06 16:58:34", -57, "󰢺🍼🍼", 34),
(358,"2015-03-01 11:26:08", 38, "🍼♠🍑", 34),
(359,"2019-02-18 21:07:31", 38, "🍼７🍒", 34),
(360,"2022-11-22 21:17:12", 38, "🍼♠🍌", 34),
(361,"2014-06-23 19:43:30", 38, "７♠🍑", 34),
(362,"2014-08-24 19:19:15", 38, "🍼７♠", 34),
(363,"2023-08-06 17:36:09", -57, "💩💩♠", 34),
(364,"2023-08-18 19:18:12", 38, "🍌７🍒", 34),
(365,"2015-03-29 06:28:17", -28, "🍼󰢺󰢺", 35),
(366,"2019-07-03 17:51:07", 19, "♥🍆🍒", 35),
(367,"2022-02-19 02:59:20", 19, "🍆♣♥", 35),
(368,"2016-07-30 08:10:49", 19, "🍐🍆♣", 35),
(369,"2021-09-17 21:39:06", 21, "♠🍑󰢺", 36),
(370,"2016-05-23 19:20:51", 21, "🍆💩🍑", 36),
(371,"2022-06-17 22:53:04", 21, "🍑🍒🍌", 36),
(372,"2022-08-15 18:40:53", 21, "💩🍒🍼", 36),
(373,"2018-08-16 22:44:34", 21, "♥󰢺💩", 36),
(374,"2022-03-09 11:22:09", 21, "♣💩🍆", 36),
(375,"2021-05-15 19:36:54", 21, "🎁󰢺🍌", 36),
(376,"2014-11-07 22:56:27", 21, "🎁🍑♥", 36),
(377,"2020-04-27 02:27:32", 21, "🍆🎁🍌", 36),
(378,"2016-11-27 05:42:10", 21, "♠🍌🍼", 36),
(379,"2021-06-15 18:02:35", 21, "🎁♦🍒", 36),
(380,"2018-09-14 17:30:28", 21, "🍆♥♦", 36),
(381,"2020-10-14 09:02:07", 21, "🍆♠🍌", 36),
(382,"2014-01-07 07:02:08", -31, "♣７７", 36),
(383,"2022-05-19 14:42:37", 21, "🍼🍌󰢺", 36),
(384,"2015-10-25 00:39:21", 21, "🍌󰢺🍒", 36),
(385,"2014-07-31 13:11:10", 21, "７🍼🎁", 36),
(386,"2014-12-16 07:11:10", 21, "🍑🍐♠", 36),
(387,"2019-02-12 19:41:06", 3, "🍑󰢺🍌", 37),
(388,"2015-07-11 21:41:47", 3, "７💩󰢺", 37),
(389,"2021-05-17 05:00:37", 3, "♣🍐🍑", 37),
(390,"2021-03-15 20:44:45", 3, "♦🍒♥", 37),
(391,"2018-01-15 07:33:42", 3, "🍼🍐♥", 37),
(392,"2019-03-21 13:59:10", 3, "♣🍒７", 37),
(393,"2015-05-05 16:07:43", 3, "🍑󰢺🍐", 37),
(394,"2014-02-13 05:10:51", 3, "🍑♥🍐", 37),
(395,"2016-01-10 22:15:40", 3, "🎁♠󰢺", 37),
(396,"2021-10-14 05:16:52", 3, "♦♠🍼", 37),
(397,"2015-01-10 10:05:22", 3, "󰢺♦♣", 37),
(398,"2016-10-17 06:52:38", -4, "♥♠♥", 37),
(399,"2017-09-25 01:28:41", -4, "♦🍼♦", 37),
(400,"2014-03-11 08:32:22", -4, "🍼🍌🍌", 37),
(401,"2016-06-17 05:19:25", 3, "󰢺♦🍒", 37),
(402,"2018-01-21 10:16:08", -4, "💩💩♦", 37),
(403,"2017-08-30 00:15:05", 3, "🍼🍌♠", 37),
(404,"2020-02-25 10:47:34", 3, "🍌🎁🍆", 37),
(405,"2018-02-23 21:23:38", -57, "♠🍆♠", 38),
(406,"2018-08-21 05:56:46", 38, "🍆🍼🍑", 38),
(407,"2021-09-16 15:40:51", 38, "♥🍐♦", 38),
(408,"2019-06-15 12:47:01", -57, "🎁💩🎁", 38),
(409,"2020-09-28 00:59:07", 38, "🍼♣♠", 38),
(410,"2023-06-04 11:43:58", 38, "🍼７♦", 38),
(411,"2017-05-20 20:49:15", 38, "🍐♣🍒", 38),
(412,"2014-06-16 19:35:41", -57, "♦♦♠", 38),
(413,"2016-12-07 06:50:05", 38, "♦🎁🍼", 38),
(414,"2018-08-15 08:55:28", -57, "♥♦♦", 38),
(415,"2014-02-20 00:59:31", 9, "７♥♦", 39),
(416,"2018-05-26 18:34:35", 9, "🍼♦💩", 39),
(417,"2019-03-19 06:08:35", -13, "🍼🍼♠", 39),
(418,"2014-06-20 23:18:07", 9, "🍼♣💩", 39),
(419,"2022-05-25 19:29:30", 9, "🍌󰢺🍒", 39),
(420,"2018-12-30 18:22:45", 9, "♥💩🍌", 39),
(421,"2017-08-15 20:17:13", 9, "🍒７🍆", 39),
(422,"2016-01-14 12:20:13", 9, "󰢺♦🍐", 39),
(423,"2015-03-03 08:18:03", 9, "７♣♦", 39),
(424,"2017-11-18 19:03:13", 9, "🍆♥🍐", 39),
(425,"2014-12-14 03:15:51", -13, "🎁🎁🍆", 39),
(426,"2014-12-24 01:27:53", 9, "♣💩🍼", 39),
(427,"2020-11-10 03:20:01", 9, "🍒🍌🎁", 39),
(428,"2018-08-11 09:46:19", 9, "🍆🍼🎁", 39),
(429,"2018-10-17 18:11:22", -13, "🍼🍼🍐", 39),
(430,"2015-12-31 18:15:44", 9, "🍐♥🍑", 39),
(431,"2019-11-03 20:43:13", 9, "♠🍼󰢺", 39),
(432,"2021-01-13 16:07:45", 9, "🍆🍒🎁", 39),
(433,"2018-10-08 11:35:34", 9, "🎁🍐󰢺", 40),
(434,"2022-10-14 11:08:38", 9, "♣🍐７", 40);

INSERT INTO PartidaPoquer (idPoquer, dataHora, lucroCasino, valorMesa,idEquipamento) VALUES
(1,"2022-08-30 04:35:09", 858, 42928, 1),
(2,"2016-05-06 03:26:52", 849, 42492, 1),
(3,"2017-09-07 15:00:06", 710, 35536, 1),
(4,"2019-09-08 10:27:00", 1573, 78689, 1),
(5,"2019-09-16 06:12:17", 1877, 93884, 1),
(6,"2020-04-06 20:50:41", 1076, 53820, 1),
(7,"2021-07-04 21:36:34", 115, 5753, 1),
(8,"2016-05-05 16:34:31", 1253, 62663, 1),
(9,"2023-02-25 11:36:23", 1295, 64788, 1),
(10,"2016-09-23 22:11:25", 890, 44539, 1),
(11,"2016-07-28 08:44:27", 708, 35409, 1),
(12,"2018-05-12 15:58:28", 1348, 67416, 1),
(13,"2020-03-27 18:30:19", 2469, 27434, 2),
(14,"2021-09-06 08:01:23", 9088, 100984, 2),
(15,"2016-09-06 10:16:05", 10437, 115977, 2),
(16,"2014-02-26 18:10:40", 5158, 46894, 3),
(17,"2018-08-07 02:07:29", 650, 5915, 3),
(18,"2018-04-27 16:43:30", 501, 4556, 3),
(19,"2019-05-05 15:23:21", 3970, 36095, 3),
(20,"2021-03-26 18:31:04", 7812, 71024, 3),
(21,"2015-08-17 09:30:30", 193, 1763, 3),
(22,"2020-12-01 19:57:10", 6388, 58078, 3),
(23,"2023-01-01 17:48:55", 7521, 68379, 3),
(24,"2021-06-29 16:06:44", 378, 37833, 4),
(25,"2016-05-06 19:31:51", 380, 38024, 4),
(26,"2021-02-26 18:22:52", 432, 43279, 4),
(27,"2021-03-22 22:43:54", 649, 64926, 4),
(28,"2018-11-17 10:10:09", 7929, 79298, 5),
(29,"2023-05-07 18:59:04", 4671, 46719, 5),
(30,"2017-05-18 05:26:42", 3116, 31165, 5),
(31,"2021-07-02 05:37:42", 747, 7479, 5),
(32,"2017-09-21 05:56:52", 8861, 88614, 5),
(33,"2017-02-03 22:52:50", 11414, 114147, 5),
(34,"2022-11-23 02:00:13", 6899, 68996, 5),
(35,"2017-11-06 14:37:53", 1121, 11219, 5),
(36,"2021-01-07 18:15:36", 127, 1273, 5);

INSERT INTO Ganho (valor,nif,idPoquer,idSlotMachine,idBlackJack) VALUES
(46, 154092548, NULL, NULL, 1),
(-140, 965752928, NULL, NULL, 2),
(26, 297424626, NULL, NULL, 3),
(-130, 178135609, NULL, NULL, 4),
(296, 921310556, NULL, NULL, 5),
(-804, 178135609, NULL, NULL, 6),
(-73, 297424626, NULL, NULL, 7),
(-66, 427664476, NULL, NULL, 8),
(80, 143121101, NULL, NULL, 9),
(-25, 581813103, NULL, NULL, 10),
(211, 872761209, NULL, NULL, 11),
(551, 779623060, NULL, NULL, 12),
(-272, 600538896, NULL, NULL, 13),
(-104, 542251451, NULL, NULL, 14),
(-289, 872761209, NULL, NULL, 15),
(346, 111911857, NULL, NULL, 16),
(-315, 401092286, NULL, NULL, 17),
(-106, 424416404, NULL, NULL, 18),
(-15, 143121101, NULL, NULL, 19),
(311, 290060764, NULL, NULL, 20),
(128, 456081549, NULL, NULL, 21),
(-235, 785957824, NULL, NULL, 22),
(-315, 600538896, NULL, NULL, 23),
(173, 122533984, NULL, NULL, 24),
(140, 297424626, NULL, NULL, 25),
(5, 178135609, NULL, NULL, 26),
(52, 297424626, NULL, NULL, 27),
(110, 921310556, NULL, NULL, 28),
(365, 178135609, NULL, NULL, 29),
(254, 679346931, NULL, NULL, 30),
(-1, 409315740, NULL, NULL, 31),
(48, 600538896, NULL, NULL, 32),
(-9, 679346931, NULL, NULL, 33),
(118, 424416404, NULL, NULL, 34),
(1, 143121101, NULL, NULL, 35),
(-24, 852282267, NULL, NULL, 36),
(255, 845913918, NULL, NULL, 37),
(8, 143121101, NULL, NULL, 38),
(33, 600538896, NULL, NULL, 39),
(-772, 178135609, NULL, NULL, 40),
(-6, 126700363, NULL, NULL, 41),
(789, 290060764, NULL, NULL, 42),
(66, 126700363, NULL, NULL, 43),
(-21, 202955241, NULL, NULL, 44),
(-81, 154092548, NULL, NULL, 45),
(766, 178135609, NULL, NULL, 46),
(605, 290060764, NULL, NULL, 47),
(317, 607571487, NULL, NULL, 48),
(226, 872761209, NULL, NULL, 49),
(275, 111911857, NULL, NULL, 50),
(168, 872761209, NULL, NULL, 51),
(798, 401092286, NULL, NULL, 52),
(-87, 409315740, NULL, NULL, 53),
(-12, 143121101, NULL, NULL, 54),
(-2, 471470870, NULL, NULL, 55),
(-46, 852282267, NULL, NULL, 56),
(49, 456081549, NULL, NULL, 57),
(-123, 122533984, NULL, NULL, 58),
(-84, 143121101, NULL, NULL, 59),
(133, 607571487, NULL, NULL, 60),
(593, 401092286, NULL, NULL, 61),
(-17, 456081549, NULL, NULL, 62),
(302, 122533984, NULL, NULL, 63),
(89, 409315740, NULL, NULL, 64),
(214, 122533984, NULL, NULL, 65),
(-464, 785957824, NULL, NULL, 66),
(-61, 143121101, NULL, NULL, 67),
(-158, 154092548, NULL, NULL, 68),
(29, 143121101, NULL, NULL, 69),
(-115, 600538896, NULL, NULL, 70),
(-24, 166274736, NULL, NULL, 71),
(-357, 872761209, NULL, NULL, 72),
(197, 126700363, NULL, NULL, 73),
(-436, 290060764, NULL, NULL, 74),
(-169, 607571487, NULL, NULL, 75),
(9, 202955241, NULL, NULL, 76),
(-442, 965752928, NULL, NULL, 77),
(12, 471470870, NULL, NULL, 78),
(61, 779623060, NULL, NULL, 79),
(105, 542251451, NULL, NULL, 80),
(-119, 290060764, NULL, NULL, 81),
(-280, 122533984, NULL, NULL, 82),
(-356, 600538896, NULL, NULL, 83),
(255, 424416404, NULL, NULL, 84),
(-300, 965752928, NULL, NULL, 85),
(301, 600538896, NULL, NULL, 86),
(-645, 290060764, NULL, NULL, 87),
(341, 401092286, NULL, NULL, 88),
(-180, 178135609, NULL, NULL, 89),
(47, 675097345, NULL, NULL, 90),
(83, 154092548, NULL, NULL, 91),
(58, 675097345, NULL, NULL, 92),
(3, 679346931, NULL, NULL, 93),
(728, 911706320, NULL, NULL, 94),
(112, 600538896, NULL, NULL, 95),
(-420, 872761209, NULL, NULL, 96),
(-335, 910463791, NULL, NULL, 97),
(538, 290060764, NULL, NULL, 98),
(156, 456081549, NULL, NULL, 99),
(278, 427664476, NULL, NULL, 100),
(-389, 178135609, NULL, NULL, 101),
(112, 675097345, NULL, NULL, 102),
(-118, 679346931, NULL, NULL, 103),
(737, 290060764, NULL, NULL, 104),
(94, 401092286, NULL, NULL, 105),
(-52, 111911857, NULL, NULL, 106),
(-588, 427664476, NULL, NULL, 107),
(-55, 409315740, NULL, NULL, 108),
(858, 290060764, NULL, NULL, 109),
(-132, 872761209, NULL, NULL, 110),
(174, 921310556, NULL, NULL, 111),
(184, 600538896, NULL, NULL, 112),
(-294, 600538896, NULL, NULL, 113),
(105, 456081549, NULL, NULL, 114),
(-141, 154092548, NULL, NULL, 115),
(75, 581813103, NULL, NULL, 116),
(-13, 607571487, NULL, NULL, 117),
(268, 600538896, NULL, NULL, 118),
(5, 581813103, NULL, NULL, 119),
(91, 154092548, NULL, NULL, 120),
(74, 910463791, NULL, NULL, 121),
(-55, 581813103, NULL, NULL, 122),
(-96, 401092286, NULL, NULL, 123),
(110, 126700363, NULL, NULL, 124),
(-9, 456081549, NULL, NULL, 125),
(-681, 178135609, NULL, NULL, 126),
(-725, 178135609, NULL, NULL, 127),
(-188, 600538896, NULL, NULL, 128),
(-108, 122533984, NULL, NULL, 129),
(-12, 202955241, NULL, NULL, 130),
(570, 910463791, NULL, NULL, 131),
(359, 921310556, NULL, NULL, 132),
(-407, 675097345, NULL, NULL, 133),
(54, 675097345, NULL, NULL, 134),
(-239, 911706320, NULL, NULL, 135),
(356, 785957824, NULL, NULL, 136),
(-6, 166274736, NULL, NULL, 137),
(-46, 143121101, NULL, NULL, 138),
(-396, 111911857, NULL, NULL, 139),
(-403, 911706320, NULL, NULL, 140),
(1, 202955241, NULL, NULL, 141),
(26, 872761209, NULL, NULL, 142),
(196, 785957824, NULL, NULL, 143),
(245, 456081549, NULL, NULL, 144),
(68, 372590986, NULL, NULL, 145),
(-130, 409315740, NULL, NULL, 146),
(-240, 372590986, NULL, NULL, 147),
(176, 456081549, NULL, NULL, 148),
(-299, 872761209, NULL, NULL, 149),
(-235, 401092286, NULL, NULL, 150),
(234, 290060764, NULL, NULL, 151),
(-807, 290060764, NULL, NULL, 152),
(217, 910463791, NULL, NULL, 153),
(1, 202955241, NULL, NULL, 154),
(276, 111911857, NULL, NULL, 155),
(140, 111911857, NULL, NULL, 156),
(-168, 675097345, NULL, NULL, 157),
(294, 178135609, NULL, NULL, 158),
(-14, 166274736, NULL, NULL, 159),
(152, 424416404, NULL, NULL, 160),
(-120, 154092548, NULL, NULL, 161),
(46, 143121101, NULL, NULL, 162),
(154, 911706320, NULL, NULL, 163),
(-40, 569107488, NULL, NULL, 164),
(206, 600538896, NULL, NULL, 165),
(247, 607571487, NULL, NULL, 166),
(-236, 401092286, NULL, NULL, 167),
(291, 427664476, NULL, NULL, 168),
(237, 178135609, NULL, NULL, 169),
(-232, 372590986, NULL, NULL, 170),
(-20, 852282267, NULL, NULL, 171),
(-35, 290060764, NULL, NULL, 172),
(-30, 372590986, NULL, NULL, 173),
(16, 202955241, NULL, NULL, 174),
(-263, 424416404, NULL, NULL, 175),
(-145, 542251451, NULL, NULL, 176),
(5, 471470870, NULL, NULL, 177),
(330, 290060764, NULL, NULL, 178),
(-154, 679346931, NULL, NULL, 179),
(759, 290060764, NULL, NULL, 180),
(-461, 427664476, NULL, NULL, 181),
(5, 471470870, NULL, NULL, 182),
(58, 290060764, NULL, NULL, 183),
(151, 126700363, NULL, NULL, 184),
(579, 779623060, NULL, NULL, 185),
(-275, 542251451, NULL, NULL, 186),
(21, 122533984, NULL, NULL, 187),
(-227, 607571487, NULL, NULL, 188),
(-133, 372590986, NULL, NULL, 189),
(106, 424416404, NULL, NULL, 190),
(160, 921310556, NULL, NULL, 191),
(736, 845913918, NULL, NULL, 192),
(338, 111911857, NULL, NULL, 193),
(-132, 921310556, NULL, NULL, 194),
(718, 845913918, NULL, NULL, 195),
(4, 143121101, NULL, NULL, 196),
(7, 471470870, NULL, NULL, 197),
(-122, 910463791, NULL, NULL, 198),
(-59, 607571487, NULL, NULL, 199),
(-186, 607571487, NULL, NULL, 200),
(237, 456081549, NULL, NULL, 201),
(-808, 178135609, NULL, NULL, 202),
(28, 143121101, NULL, NULL, 203),
(-271, 607571487, NULL, NULL, 204),
(-1, 456081549, NULL, NULL, 205),
(201, 965752928, NULL, NULL, 206),
(-174, 911706320, NULL, NULL, 207),
(74, 409315740, NULL, NULL, 208),
(-363, 569107488, NULL, NULL, 209),
(204, 779623060, NULL, NULL, 210),
(100, 297424626, NULL, NULL, 211),
(346, 111911857, NULL, NULL, 212),
(-273, 178135609, NULL, NULL, 213),
(-520, 910463791, NULL, NULL, 214),
(68, 779623060, NULL, NULL, 215),
(26, 166274736, NULL, NULL, 216),
(53, 154092548, NULL, NULL, 217),
(93, 424416404, NULL, NULL, 218),
(121, 911706320, NULL, NULL, 219),
(-145, 297424626, NULL, NULL, 220),
(184, 600538896, NULL, NULL, 221),
(-174, 845913918, NULL, NULL, 222),
(32, 852282267, NULL, NULL, 223),
(636, 779623060, NULL, NULL, 224),
(-16, 581813103, NULL, NULL, 225),
(784, 290060764, NULL, NULL, 226),
(-388, 785957824, NULL, NULL, 227),
(250, 872761209, NULL, NULL, 228),
(24, 143121101, NULL, NULL, 229),
(-567, 290060764, NULL, NULL, 230),
(-612, 911706320, NULL, NULL, 231),
(-258, 675097345, NULL, NULL, 232),
(-56, 372590986, NULL, NULL, 233),
(-244, 126700363, NULL, NULL, 234),
(162, 679346931, NULL, NULL, 235),
(-14, 675097345, NULL, NULL, 236),
(96, 424416404, NULL, NULL, 237),
(14, 202955241, NULL, NULL, 238),
(24, 456081549, NULL, NULL, 239),
(-259, 111911857, NULL, NULL, 240),
(233, 542251451, NULL, NULL, 241),
(220, 679346931, NULL, NULL, 242),
(-858, 290060764, NULL, NULL, 243),
(-580, 911706320, NULL, NULL, 244),
(-71, 872761209, NULL, NULL, 245),
(-348, 675097345, NULL, NULL, 246),
(44, 852282267, NULL, NULL, 247),
(-37, 785957824, NULL, 1, NULL),
(-37, 202955241, NULL, 2, NULL),
(-37, 122533984, NULL, 3, NULL),
(55, 965752928, NULL, 4, NULL),
(55, 143121101, NULL, 5, NULL),
(-37, 372590986, NULL, 6, NULL),
(-37, 675097345, NULL, 7, NULL),
(-37, 178135609, NULL, 8, NULL),
(-37, 166274736, NULL, 9, NULL),
(-37, 600538896, NULL, 10, NULL),
(-37, 779623060, NULL, 11, NULL),
(-37, 111911857, NULL, 12, NULL),
(-37, 297424626, NULL, 13, NULL),
(-37, 290060764, NULL, 14, NULL),
(-37, 290060764, NULL, 15, NULL),
(-37, 424416404, NULL, 16, NULL),
(-37, 569107488, NULL, 17, NULL),
(-21, 542251451, NULL, 18, NULL),
(-21, 409315740, NULL, 19, NULL),
(-21, 143121101, NULL, 20, NULL),
(-21, 456081549, NULL, 21, NULL),
(31, 910463791, NULL, 22, NULL),
(-21, 424416404, NULL, 23, NULL),
(31, 372590986, NULL, 24, NULL),
(-21, 401092286, NULL, 25, NULL),
(-21, 911706320, NULL, 26, NULL),
(-21, 569107488, NULL, 27, NULL),
(-21, 427664476, NULL, 28, NULL),
(-47, 401092286, NULL, 29, NULL),
(-47, 427664476, NULL, 30, NULL),
(-47, 456081549, NULL, 31, NULL),
(-47, 166274736, NULL, 32, NULL),
(-47, 600538896, NULL, 33, NULL),
(-47, 427664476, NULL, 34, NULL),
(48, 542251451, NULL, 35, NULL),
(-32, 456081549, NULL, 36, NULL),
(48, 427664476, NULL, 37, NULL),
(48, 297424626, NULL, 38, NULL),
(-32, 297424626, NULL, 39, NULL),
(-32, 911706320, NULL, 40, NULL),
(-32, 845913918, NULL, 41, NULL),
(-32, 372590986, NULL, 42, NULL),
(-32, 401092286, NULL, 43, NULL),
(-32, 166274736, NULL, 44, NULL),
(48, 166274736, NULL, 45, NULL),
(-32, 542251451, NULL, 46, NULL),
(-32, 126700363, NULL, 47, NULL),
(-32, 852282267, NULL, 48, NULL),
(-32, 600538896, NULL, 49, NULL),
(-44, 126700363, NULL, 50, NULL),
(66, 297424626, NULL, 51, NULL),
(-44, 178135609, NULL, 52, NULL),
(-44, 872761209, NULL, 53, NULL),
(-40, 911706320, NULL, 54, NULL),
(-40, 675097345, NULL, 55, NULL),
(-40, 409315740, NULL, 56, NULL),
(-40, 785957824, NULL, 57, NULL),
(-40, 965752928, NULL, 58, NULL),
(60, 427664476, NULL, 59, NULL),
(-40, 872761209, NULL, 60, NULL),
(-40, 581813103, NULL, 61, NULL),
(60, 297424626, NULL, 62, NULL),
(-40, 126700363, NULL, 63, NULL),
(-40, 542251451, NULL, 64, NULL),
(-40, 401092286, NULL, 65, NULL),
(-40, 154092548, NULL, 66, NULL),
(60, 290060764, NULL, 67, NULL),
(-49, 409315740, NULL, 68, NULL),
(-49, 202955241, NULL, 69, NULL),
(73, 679346931, NULL, 70, NULL),
(-49, 126700363, NULL, 71, NULL),
(-49, 852282267, NULL, 72, NULL),
(-49, 290060764, NULL, 73, NULL),
(-49, 600538896, NULL, 74, NULL),
(-49, 911706320, NULL, 75, NULL),
(-49, 872761209, NULL, 76, NULL),
(-49, 921310556, NULL, 77, NULL),
(-49, 202955241, NULL, 78, NULL),
(-49, 471470870, NULL, 79, NULL),
(73, 921310556, NULL, 80, NULL),
(-49, 178135609, NULL, 81, NULL),
(-49, 290060764, NULL, 82, NULL),
(-13, 569107488, NULL, 83, NULL),
(-13, 424416404, NULL, 84, NULL),
(-13, 785957824, NULL, 85, NULL),
(-13, 456081549, NULL, 86, NULL),
(-13, 126700363, NULL, 87, NULL),
(-13, 372590986, NULL, 88, NULL),
(-13, 679346931, NULL, 89, NULL),
(-13, 965752928, NULL, 90, NULL),
(-13, 542251451, NULL, 91, NULL),
(-13, 290060764, NULL, 92, NULL),
(-13, 965752928, NULL, 93, NULL),
(-13, 852282267, NULL, 94, NULL),
(-13, 178135609, NULL, 95, NULL),
(-13, 965752928, NULL, 96, NULL),
(-13, 424416404, NULL, 97, NULL),
(-13, 675097345, NULL, 98, NULL),
(-13, 143121101, NULL, 99, NULL),
(-10, 290060764, NULL, 100, NULL),
(-10, 154092548, NULL, 101, NULL),
(-10, 178135609, NULL, 102, NULL),
(-10, 965752928, NULL, 103, NULL),
(-10, 872761209, NULL, 104, NULL),
(-10, 581813103, NULL, 105, NULL),
(-10, 872761209, NULL, 106, NULL),
(-10, 542251451, NULL, 107, NULL),
(15, 911706320, NULL, 108, NULL),
(140, 965752928, NULL, 109, NULL),
(15, 569107488, NULL, 110, NULL),
(-10, 111911857, NULL, 111, NULL),
(15, 785957824, NULL, 112, NULL),
(15, 675097345, NULL, 113, NULL),
(-10, 779623060, NULL, 114, NULL),
(-10, 921310556, NULL, 115, NULL),
(-36, 581813103, NULL, 116, NULL),
(54, 166274736, NULL, 117, NULL),
(60, 471470870, NULL, 118, NULL),
(-40, 965752928, NULL, 119, NULL),
(60, 427664476, NULL, 120, NULL),
(-40, 126700363, NULL, 121, NULL),
(60, 427664476, NULL, 122, NULL),
(-40, 471470870, NULL, 123, NULL),
(-43, 581813103, NULL, 124, NULL),
(-43, 456081549, NULL, 125, NULL),
(-43, 852282267, NULL, 126, NULL),
(-43, 111911857, NULL, 127, NULL),
(64, 166274736, NULL, 128, NULL),
(-43, 607571487, NULL, 129, NULL),
(-43, 910463791, NULL, 130, NULL),
(-43, 401092286, NULL, 131, NULL),
(-43, 456081549, NULL, 132, NULL),
(-43, 785957824, NULL, 133, NULL),
(-43, 581813103, NULL, 134, NULL),
(-43, 785957824, NULL, 135, NULL),
(-43, 675097345, NULL, 136, NULL),
(-43, 427664476, NULL, 137, NULL),
(64, 911706320, NULL, 138, NULL),
(-43, 202955241, NULL, 139, NULL),
(-43, 845913918, NULL, 140, NULL),
(-42, 785957824, NULL, 141, NULL),
(-42, 872761209, NULL, 142, NULL),
(-42, 852282267, NULL, 143, NULL),
(-4, 965752928, NULL, 144, NULL),
(-4, 427664476, NULL, 145, NULL),
(6, 911706320, NULL, 146, NULL),
(6, 427664476, NULL, 147, NULL),
(-4, 178135609, NULL, 148, NULL),
(-4, 471470870, NULL, 149, NULL),
(6, 675097345, NULL, 150, NULL),
(-4, 290060764, NULL, 151, NULL),
(-4, 297424626, NULL, 152, NULL),
(-4, 845913918, NULL, 153, NULL),
(-4, 845913918, NULL, 154, NULL),
(-4, 921310556, NULL, 155, NULL),
(-4, 921310556, NULL, 156, NULL),
(-4, 607571487, NULL, 157, NULL),
(6, 154092548, NULL, 158, NULL),
(-4, 607571487, NULL, 159, NULL),
(-7, 424416404, NULL, 160, NULL),
(-7, 679346931, NULL, 161, NULL),
(-7, 456081549, NULL, 162, NULL),
(-36, 111911857, NULL, 163, NULL),
(-36, 111911857, NULL, 164, NULL),
(-36, 178135609, NULL, 165, NULL),
(-36, 542251451, NULL, 166, NULL),
(-36, 965752928, NULL, 167, NULL),
(-36, 675097345, NULL, 168, NULL),
(-36, 424416404, NULL, 169, NULL),
(-36, 166274736, NULL, 170, NULL),
(-36, 471470870, NULL, 171, NULL),
(-36, 910463791, NULL, 172, NULL),
(54, 911706320, NULL, 173, NULL),
(-2, 569107488, NULL, 174, NULL),
(3, 456081549, NULL, 175, NULL),
(-2, 178135609, NULL, 176, NULL),
(3, 427664476, NULL, 177, NULL),
(-2, 372590986, NULL, 178, NULL),
(-2, 581813103, NULL, 179, NULL),
(-2, 542251451, NULL, 180, NULL),
(-2, 965752928, NULL, 181, NULL),
(-2, 143121101, NULL, 182, NULL),
(70, 852282267, NULL, 183, NULL),
(-47, 372590986, NULL, 184, NULL),
(-47, 409315740, NULL, 185, NULL),
(-47, 911706320, NULL, 186, NULL),
(-47, 154092548, NULL, 187, NULL),
(-47, 965752928, NULL, 188, NULL),
(70, 852282267, NULL, 189, NULL),
(-47, 456081549, NULL, 190, NULL),
(-47, 290060764, NULL, 191, NULL),
(70, 779623060, NULL, 192, NULL),
(70, 297424626, NULL, 193, NULL),
(-47, 166274736, NULL, 194, NULL),
(-47, 542251451, NULL, 195, NULL),
(-47, 424416404, NULL, 196, NULL),
(-47, 679346931, NULL, 197, NULL),
(-2, 872761209, NULL, 198, NULL),
(3, 872761209, NULL, 199, NULL),
(-2, 401092286, NULL, 200, NULL),
(3, 126700363, NULL, 201, NULL),
(-2, 143121101, NULL, 202, NULL),
(-2, 122533984, NULL, 203, NULL),
(-2, 126700363, NULL, 204, NULL),
(3, 607571487, NULL, 205, NULL),
(28, 779623060, NULL, 206, NULL),
(-19, 845913918, NULL, 207, NULL),
(-19, 785957824, NULL, 208, NULL),
(-19, 607571487, NULL, 209, NULL),
(-19, 911706320, NULL, 210, NULL),
(-19, 290060764, NULL, 211, NULL),
(-19, 921310556, NULL, 212, NULL),
(28, 166274736, NULL, 213, NULL),
(-19, 456081549, NULL, 214, NULL),
(-19, 679346931, NULL, 215, NULL),
(-19, 290060764, NULL, 216, NULL),
(-19, 581813103, NULL, 217, NULL),
(-19, 178135609, NULL, 218, NULL),
(-19, 872761209, NULL, 219, NULL),
(-19, 178135609, NULL, 220, NULL),
(28, 401092286, NULL, 221, NULL),
(-19, 126700363, NULL, 222, NULL),
(-19, 372590986, NULL, 223, NULL),
(-28, 111911857, NULL, 224, NULL),
(42, 297424626, NULL, 225, NULL),
(42, 126700363, NULL, 226, NULL),
(42, 297424626, NULL, 227, NULL),
(42, 456081549, NULL, 228, NULL),
(42, 178135609, NULL, 229, NULL),
(-28, 290060764, NULL, 230, NULL),
(-28, 143121101, NULL, 231, NULL),
(-28, 852282267, NULL, 232, NULL),
(42, 542251451, NULL, 233, NULL),
(-32, 427664476, NULL, 234, NULL),
(-32, 471470870, NULL, 235, NULL),
(-32, 921310556, NULL, 236, NULL),
(-32, 427664476, NULL, 237, NULL),
(-32, 872761209, NULL, 238, NULL),
(-32, 679346931, NULL, 239, NULL),
(48, 154092548, NULL, 240, NULL),
(-32, 178135609, NULL, 241, NULL),
(-17, 409315740, NULL, 242, NULL),
(-17, 154092548, NULL, 243, NULL),
(25, 154092548, NULL, 244, NULL),
(25, 456081549, NULL, 245, NULL),
(-17, 569107488, NULL, 246, NULL),
(-17, 401092286, NULL, 247, NULL),
(-17, 202955241, NULL, 248, NULL),
(-17, 679346931, NULL, 249, NULL),
(-17, 872761209, NULL, 250, NULL),
(-17, 911706320, NULL, 251, NULL),
(-17, 965752928, NULL, 252, NULL),
(25, 542251451, NULL, 253, NULL),
(-26, 845913918, NULL, 254, NULL),
(39, 122533984, NULL, 255, NULL),
(-26, 675097345, NULL, 256, NULL),
(-26, 542251451, NULL, 257, NULL),
(39, 921310556, NULL, 258, NULL),
(-26, 409315740, NULL, 259, NULL),
(-1, 290060764, NULL, 260, NULL),
(1, 401092286, NULL, 261, NULL),
(-1, 600538896, NULL, 262, NULL),
(-1, 872761209, NULL, 263, NULL),
(-1, 872761209, NULL, 264, NULL),
(1, 427664476, NULL, 265, NULL),
(1, 675097345, NULL, 266, NULL),
(-1, 126700363, NULL, 267, NULL),
(1, 166274736, NULL, 268, NULL),
(-1, 679346931, NULL, 269, NULL),
(-1, 126700363, NULL, 270, NULL),
(1, 471470870, NULL, 271, NULL),
(-1, 143121101, NULL, 272, NULL),
(-1, 143121101, NULL, 273, NULL),
(1, 166274736, NULL, 274, NULL),
(15, 143121101, NULL, 275, NULL),
(15, 607571487, NULL, 276, NULL),
(-10, 409315740, NULL, 277, NULL),
(-10, 122533984, NULL, 278, NULL),
(-10, 372590986, NULL, 279, NULL),
(-10, 607571487, NULL, 280, NULL),
(-10, 401092286, NULL, 281, NULL),
(-29, 785957824, NULL, 282, NULL),
(43, 872761209, NULL, 283, NULL),
(-29, 126700363, NULL, 284, NULL),
(-29, 401092286, NULL, 285, NULL),
(-29, 166274736, NULL, 286, NULL),
(43, 852282267, NULL, 287, NULL),
(43, 779623060, NULL, 288, NULL),
(33, 297424626, NULL, 289, NULL),
(-22, 297424626, NULL, 290, NULL),
(-22, 785957824, NULL, 291, NULL),
(33, 872761209, NULL, 292, NULL),
(-22, 166274736, NULL, 293, NULL),
(-22, 911706320, NULL, 294, NULL),
(-22, 290060764, NULL, 295, NULL),
(-22, 675097345, NULL, 296, NULL),
(-22, 297424626, NULL, 297, NULL),
(-22, 143121101, NULL, 298, NULL),
(-22, 111911857, NULL, 299, NULL),
(-22, 607571487, NULL, 300, NULL),
(-22, 581813103, NULL, 301, NULL),
(-22, 569107488, NULL, 302, NULL),
(-22, 401092286, NULL, 303, NULL),
(-22, 600538896, NULL, 304, NULL),
(-22, 679346931, NULL, 305, NULL),
(33, 427664476, NULL, 306, NULL),
(-43, 872761209, NULL, 307, NULL),
(-43, 372590986, NULL, 308, NULL),
(-43, 290060764, NULL, 309, NULL),
(-43, 111911857, NULL, 310, NULL),
(-43, 569107488, NULL, 311, NULL),
(-43, 965752928, NULL, 312, NULL),
(-43, 178135609, NULL, 313, NULL),
(-43, 965752928, NULL, 314, NULL),
(-43, 111911857, NULL, 315, NULL),
(-43, 471470870, NULL, 316, NULL),
(-43, 178135609, NULL, 317, NULL),
(-43, 921310556, NULL, 318, NULL),
(-43, 178135609, NULL, 319, NULL),
(64, 372590986, NULL, 320, NULL),
(-43, 111911857, NULL, 321, NULL),
(-43, 424416404, NULL, 322, NULL),
(-43, 424416404, NULL, 323, NULL),
(-43, 290060764, NULL, 324, NULL),
(-43, 911706320, NULL, 325, NULL),
(-49, 779623060, NULL, 326, NULL),
(-49, 471470870, NULL, 327, NULL),
(-49, 166274736, NULL, 328, NULL),
(-49, 911706320, NULL, 329, NULL),
(-49, 785957824, NULL, 330, NULL),
(-49, 921310556, NULL, 331, NULL),
(73, 297424626, NULL, 332, NULL),
(-49, 921310556, NULL, 333, NULL),
(-49, 910463791, NULL, 334, NULL),
(73, 910463791, NULL, 335, NULL),
(-49, 111911857, NULL, 336, NULL),
(-49, 679346931, NULL, 337, NULL),
(686, 911706320, NULL, 338, NULL),
(-49, 581813103, NULL, 339, NULL),
(-49, 401092286, NULL, 340, NULL),
(-49, 785957824, NULL, 341, NULL),
(73, 154092548, NULL, 342, NULL),
(-28, 372590986, NULL, 343, NULL),
(-28, 921310556, NULL, 344, NULL),
(42, 965752928, NULL, 345, NULL),
(42, 607571487, NULL, 346, NULL),
(-28, 675097345, NULL, 347, NULL),
(-28, 401092286, NULL, 348, NULL),
(-28, 921310556, NULL, 349, NULL),
(42, 910463791, NULL, 350, NULL),
(42, 785957824, NULL, 351, NULL),
(-15, 785957824, NULL, 352, NULL),
(-47, 910463791, NULL, 353, NULL),
(-47, 471470870, NULL, 354, NULL),
(-47, 785957824, NULL, 355, NULL),
(-38, 471470870, NULL, 356, NULL),
(57, 921310556, NULL, 357, NULL),
(-38, 911706320, NULL, 358, NULL),
(-38, 679346931, NULL, 359, NULL),
(-38, 581813103, NULL, 360, NULL),
(-38, 297424626, NULL, 361, NULL),
(-38, 872761209, NULL, 362, NULL),
(57, 779623060, NULL, 363, NULL),
(-38, 401092286, NULL, 364, NULL),
(28, 290060764, NULL, 365, NULL),
(-19, 290060764, NULL, 366, NULL),
(-19, 427664476, NULL, 367, NULL),
(-19, 202955241, NULL, 368, NULL),
(-21, 111911857, NULL, 369, NULL),
(-21, 679346931, NULL, 370, NULL),
(-21, 372590986, NULL, 371, NULL),
(-21, 569107488, NULL, 372, NULL),
(-21, 965752928, NULL, 373, NULL),
(-21, 154092548, NULL, 374, NULL),
(-21, 372590986, NULL, 375, NULL),
(-21, 845913918, NULL, 376, NULL),
(-21, 852282267, NULL, 377, NULL),
(-21, 679346931, NULL, 378, NULL),
(-21, 409315740, NULL, 379, NULL),
(-21, 965752928, NULL, 380, NULL),
(-21, 409315740, NULL, 381, NULL),
(31, 921310556, NULL, 382, NULL),
(-21, 178135609, NULL, 383, NULL),
(-21, 427664476, NULL, 384, NULL),
(-21, 401092286, NULL, 385, NULL),
(-21, 290060764, NULL, 386, NULL),
(-3, 401092286, NULL, 387, NULL),
(-3, 297424626, NULL, 388, NULL),
(-3, 779623060, NULL, 389, NULL),
(-3, 456081549, NULL, 390, NULL),
(-3, 297424626, NULL, 391, NULL),
(-3, 785957824, NULL, 392, NULL),
(-3, 427664476, NULL, 393, NULL),
(-3, 178135609, NULL, 394, NULL),
(-3, 122533984, NULL, 395, NULL),
(-3, 409315740, NULL, 396, NULL),
(-3, 845913918, NULL, 397, NULL),
(4, 372590986, NULL, 398, NULL),
(4, 126700363, NULL, 399, NULL),
(4, 372590986, NULL, 400, NULL),
(-3, 921310556, NULL, 401, NULL),
(4, 111911857, NULL, 402, NULL),
(-3, 607571487, NULL, 403, NULL),
(-3, 143121101, NULL, 404, NULL),
(57, 427664476, NULL, 405, NULL),
(-38, 401092286, NULL, 406, NULL),
(-38, 965752928, NULL, 407, NULL),
(57, 679346931, NULL, 408, NULL),
(-38, 401092286, NULL, 409, NULL),
(-38, 372590986, NULL, 410, NULL),
(-38, 297424626, NULL, 411, NULL),
(57, 290060764, NULL, 412, NULL),
(-38, 569107488, NULL, 413, NULL),
(57, 872761209, NULL, 414, NULL),
(-9, 852282267, NULL, 415, NULL),
(-9, 154092548, NULL, 416, NULL),
(13, 143121101, NULL, 417, NULL),
(-9, 471470870, NULL, 418, NULL),
(-9, 166274736, NULL, 419, NULL),
(-9, 965752928, NULL, 420, NULL),
(-9, 607571487, NULL, 421, NULL),
(-9, 111911857, NULL, 422, NULL),
(-9, 471470870, NULL, 423, NULL),
(-9, 911706320, NULL, 424, NULL),
(13, 965752928, NULL, 425, NULL),
(-9, 872761209, NULL, 426, NULL),
(-9, 424416404, NULL, 427, NULL),
(-9, 409315740, NULL, 428, NULL),
(13, 122533984, NULL, 429, NULL),
(-9, 471470870, NULL, 430, NULL),
(-9, 372590986, NULL, 431, NULL),
(-9, 372590986, NULL, 432, NULL),
(-9, 581813103, NULL, 433, NULL),
(-9, 675097345, NULL, 434, NULL),
(41759, 202955241, 1, NULL, NULL),
(-12675, 126700363, 1, NULL, NULL),
(-12696, 569107488, 1, NULL, NULL),
(-17246, 872761209, 1, NULL, NULL),
(14685, 427664476, 2, NULL, NULL),
(-5274, 111911857, 2, NULL, NULL),
(-10260, 785957824, 2, NULL, NULL),
(-24457, 845913918, 3, NULL, NULL),
(23747, 409315740, 3, NULL, NULL),
(-31441, 965752928, 4, NULL, NULL),
(-17971, 424416404, 4, NULL, NULL),
(64739, 845913918, 4, NULL, NULL),
(-16084, 679346931, 4, NULL, NULL),
(-816, 471470870, 4, NULL, NULL),
(-27516, 202955241, 5, NULL, NULL),
(-41275, 178135609, 5, NULL, NULL),
(-6482, 154092548, 5, NULL, NULL),
(85473, 111911857, 5, NULL, NULL),
(-68, 471470870, 5, NULL, NULL),
(-7354, 456081549, 5, NULL, NULL),
(-4655, 427664476, 5, NULL, NULL),
(42975, 122533984, 6, NULL, NULL),
(-10137, 921310556, 6, NULL, NULL),
(-1584, 872761209, 6, NULL, NULL),
(-12284, 202955241, 6, NULL, NULL),
(-48, 471470870, 6, NULL, NULL),
(-17400, 785957824, 6, NULL, NULL),
(-2598, 456081549, 6, NULL, NULL),
(4158, 852282267, 7, NULL, NULL),
(-2750, 456081549, 7, NULL, NULL),
(-1523, 372590986, 7, NULL, NULL),
(-6297, 852282267, 8, NULL, NULL),
(-3420, 600538896, 8, NULL, NULL),
(-41364, 122533984, 8, NULL, NULL),
(52710, 607571487, 8, NULL, NULL),
(-2882, 965752928, 8, NULL, NULL),
(33453, 401092286, 9, NULL, NULL),
(-34748, 845913918, 9, NULL, NULL),
(2349, 401092286, 10, NULL, NULL),
(-180, 965752928, 10, NULL, NULL),
(-2925, 679346931, 10, NULL, NULL),
(-134, 143121101, 10, NULL, NULL),
(-34154, 845913918, 11, NULL, NULL),
(-608, 456081549, 11, NULL, NULL),
(34054, 178135609, 11, NULL, NULL),
(64957, 202955241, 12, NULL, NULL),
(-13721, 542251451, 12, NULL, NULL),
(-24123, 911706320, 12, NULL, NULL),
(-3342, 297424626, 12, NULL, NULL),
(-25119, 607571487, 12, NULL, NULL),
(-1353, 401092286, 13, NULL, NULL),
(24936, 852282267, 13, NULL, NULL),
(-26052, 779623060, 13, NULL, NULL),
(-4031, 569107488, 14, NULL, NULL),
(-506, 409315740, 14, NULL, NULL),
(-282, 872761209, 14, NULL, NULL),
(-3668, 122533984, 14, NULL, NULL),
(4561, 111911857, 14, NULL, NULL),
(-1186, 581813103, 14, NULL, NULL),
(-842, 372590986, 14, NULL, NULL),
(-3134, 143121101, 14, NULL, NULL),
(-11476, 910463791, 15, NULL, NULL),
(-1096, 581813103, 15, NULL, NULL),
(-23939, 852282267, 15, NULL, NULL),
(-5832, 569107488, 15, NULL, NULL),
(53285, 111911857, 15, NULL, NULL),
(-16729, 372590986, 15, NULL, NULL),
(-787, 143121101, 15, NULL, NULL),
(-3863, 424416404, 15, NULL, NULL),
(-45249, 111911857, 16, NULL, NULL),
(40447, 872761209, 16, NULL, NULL),
(-356, 679346931, 16, NULL, NULL),
(-353, 965752928, 17, NULL, NULL),
(4464, 852282267, 17, NULL, NULL),
(-1504, 785957824, 17, NULL, NULL),
(-3257, 600538896, 17, NULL, NULL),
(3833, 785957824, 18, NULL, NULL),
(-215, 965752928, 18, NULL, NULL),
(-4119, 845913918, 18, NULL, NULL),
(-1448, 675097345, 19, NULL, NULL),
(-4243, 122533984, 19, NULL, NULL),
(-78, 569107488, 19, NULL, NULL),
(2747, 401092286, 19, NULL, NULL),
(-948, 424416404, 19, NULL, NULL),
(-2812, 401092286, 20, NULL, NULL),
(-4538, 675097345, 20, NULL, NULL),
(-462, 679346931, 20, NULL, NULL),
(-27, 679346931, 21, NULL, NULL),
(-88, 471470870, 21, NULL, NULL),
(-236, 424416404, 21, NULL, NULL),
(158, 607571487, 21, NULL, NULL),
(12276, 607571487, 22, NULL, NULL),
(-12, 569107488, 22, NULL, NULL),
(-427, 143121101, 22, NULL, NULL),
(-9249, 910463791, 22, NULL, NULL),
(-4858, 852282267, 22, NULL, NULL),
(-784, 779623060, 22, NULL, NULL),
(-3334, 126700363, 22, NULL, NULL),
(-46, 424416404, 23, NULL, NULL),
(53819, 675097345, 23, NULL, NULL),
(-60677, 401092286, 23, NULL, NULL),
(-617, 852282267, 23, NULL, NULL),
(37344, 852282267, 24, NULL, NULL),
(-605, 600538896, 24, NULL, NULL),
(-34967, 409315740, 24, NULL, NULL),
(-2150, 675097345, 24, NULL, NULL),
(-1316, 154092548, 25, NULL, NULL),
(17336, 178135609, 25, NULL, NULL),
(-4536, 785957824, 25, NULL, NULL),
(-6602, 297424626, 25, NULL, NULL),
(-3652, 921310556, 25, NULL, NULL),
(-1322, 911706320, 25, NULL, NULL),
(-288, 542251451, 25, NULL, NULL),
(-59, 965752928, 26, NULL, NULL),
(-919, 297424626, 26, NULL, NULL),
(-5537, 910463791, 26, NULL, NULL),
(42733, 471470870, 26, NULL, NULL),
(-36650, 607571487, 26, NULL, NULL),
(-41915, 675097345, 27, NULL, NULL),
(-80, 456081549, 27, NULL, NULL),
(-7187, 600538896, 27, NULL, NULL),
(-15292, 911706320, 27, NULL, NULL),
(63825, 542251451, 27, NULL, NULL),
(-3291, 921310556, 28, NULL, NULL),
(-29356, 872761209, 28, NULL, NULL),
(-45108, 202955241, 28, NULL, NULL),
(-295, 785957824, 28, NULL, NULL),
(71293, 372590986, 28, NULL, NULL),
(-1159, 122533984, 28, NULL, NULL),
(-13, 143121101, 28, NULL, NULL),
(35499, 845913918, 29, NULL, NULL),
(-1089, 409315740, 29, NULL, NULL),
(-796, 581813103, 29, NULL, NULL),
(-881, 600538896, 29, NULL, NULL),
(0, 965752928, 29, NULL, NULL),
(-6, 154092548, 29, NULL, NULL),
(-25800, 372590986, 29, NULL, NULL),
(-11598, 779623060, 29, NULL, NULL),
(-22, 297424626, 30, NULL, NULL),
(-15305, 607571487, 30, NULL, NULL),
(-3106, 290060764, 30, NULL, NULL),
(15989, 471470870, 30, NULL, NULL),
(-227, 911706320, 30, NULL, NULL),
(0, 143121101, 30, NULL, NULL),
(-445, 409315740, 30, NULL, NULL),
(-11, 409315740, 31, NULL, NULL),
(-414, 910463791, 31, NULL, NULL),
(-2935, 401092286, 31, NULL, NULL),
(5098, 607571487, 31, NULL, NULL),
(0, 965752928, 31, NULL, NULL),
(-2485, 542251451, 31, NULL, NULL),
(-2038, 427664476, 32, NULL, NULL),
(57283, 675097345, 32, NULL, NULL),
(-49241, 178135609, 32, NULL, NULL),
(0, 297424626, 32, NULL, NULL),
(-1902, 166274736, 32, NULL, NULL),
(-88, 679346931, 32, NULL, NULL),
(-5, 154092548, 32, NULL, NULL),
(-12870, 111911857, 32, NULL, NULL),
(0, 297424626, 33, NULL, NULL),
(-8652, 675097345, 33, NULL, NULL),
(-572, 122533984, 33, NULL, NULL),
(-486, 178135609, 33, NULL, NULL),
(-1150, 921310556, 33, NULL, NULL),
(-144, 779623060, 33, NULL, NULL),
(100668, 845913918, 33, NULL, NULL),
(-101078, 111911857, 33, NULL, NULL),
(-838, 607571487, 34, NULL, NULL),
(-41330, 372590986, 34, NULL, NULL),
(61257, 178135609, 34, NULL, NULL),
(-12197, 471470870, 34, NULL, NULL),
(-47, 456081549, 34, NULL, NULL),
(-10386, 290060764, 34, NULL, NULL),
(0, 143121101, 34, NULL, NULL),
(-3358, 126700363, 34, NULL, NULL),
(10074, 679346931, 35, NULL, NULL),
(-11195, 542251451, 35, NULL, NULL),
(703, 910463791, 36, NULL, NULL),
(-830, 921310556, 36, NULL, NULL);

INSERT INTO Compra (idCompra, preco, dataHora) VALUES
(1, 7292, "2023-07-29 22:57:12"),
(2, 186, "2018-10-23 01:55:20"),
(3, 293, "2015-10-19 09:35:38"),
(4, 99, "2023-02-13 07:07:40"),
(5, 175, "2022-03-06 14:31:12"),
(6, 1393, "2022-10-16 01:07:20"),
(7, 7526, "2018-02-11 12:26:57"),
(8, 127, "2019-07-24 03:59:37"),
(9, 227, "2017-09-03 18:16:11"),
(10, 9482, "2017-11-21 21:25:15"),
(11, 8620, "2021-06-21 03:28:09"),
(12, 3069, "2015-07-29 12:22:38"),
(13, 1599, "2022-07-21 15:37:13"),
(14, 40, "2022-09-17 02:05:16"),
(15, 5136, "2014-01-15 17:30:19"),
(16, 2519, "2023-10-22 23:41:16"),
(17, 687, "2014-10-10 11:27:29"),
(18, 287, "2018-02-09 17:02:21"),
(19, 609, "2018-12-05 23:24:50"),
(20, 8504, "2017-11-19 18:17:44"),
(21, 317, "2015-08-10 11:05:59"),
(22, 3870, "2016-08-31 11:41:22"),
(23, 8708, "2023-01-19 19:35:19"),
(24, 3450, "2022-06-09 13:22:47"),
(25, 7888, "2020-04-23 03:12:30"),
(26, 3298, "2023-06-06 02:30:00"),
(27, 78, "2016-03-29 21:09:33"),
(28, 2438, "2023-10-11 14:33:38"),
(29, 7176, "2018-12-06 13:54:11"),
(30, 8778, "2022-05-23 14:07:09"),
(31, 746, "2019-07-21 02:13:50"),
(32, 282, "2017-11-11 00:54:23"),
(33, 105, "2023-03-27 16:31:03"),
(34, 40, "2017-07-04 19:51:07"),
(35, 4084, "2019-02-16 05:50:23"),
(36, 221, "2015-08-14 18:33:42"),
(37, 2549, "2015-07-16 06:44:22"),
(38, 8555, "2022-12-31 20:50:06"),
(39, 3587, "2018-11-17 12:25:42"),
(40, 668, "2014-08-05 20:43:44"),
(41, 4541, "2014-11-27 09:51:08"),
(42, 4962, "2017-04-20 21:50:46"),
(43, 8662, "2023-08-14 15:39:22"),
(44, 6112, "2018-12-18 18:41:05"),
(45, 3521, "2016-05-04 02:39:53"),
(46, 3558, "2014-01-14 17:32:42"),
(47, 3144, "2017-07-28 14:53:03"),
(48, 1842, "2023-10-02 14:47:15"),
(49, 1366, "2017-09-19 05:49:19"),
(50, 2470, "2015-04-17 17:05:41"),
(51, 1763, "2022-11-23 23:03:13"),
(52, 5849, "2016-02-04 14:46:52"),
(53, 1867, "2022-07-27 03:29:46"),
(54, 3000, "2021-11-28 13:27:55"),
(55, 5105, "2023-07-30 20:34:55"),
(56, 2647, "2021-01-26 06:46:57"),
(57, 82, "2018-11-27 05:48:32"),
(58, 4534, "2018-05-04 22:24:06"),
(59, 234, "2019-12-10 05:30:27"),
(60, 5503, "2023-08-15 20:45:38"),
(61, 171, "2018-03-19 02:31:30"),
(62, 3760, "2022-12-26 16:59:53"),
(63, 5581, "2018-02-22 23:01:54"),
(64, 8891, "2021-04-01 18:48:25"),
(65, 4420, "2015-02-18 08:31:29"),
(66, 58, "2016-04-27 10:36:54"),
(67, 6132, "2016-02-05 18:04:35"),
(68, 2003, "2021-12-23 09:04:20"),
(69, 142, "2016-08-05 15:21:06"),
(70, 2735, "2023-07-31 08:27:04"),
(71, 1034, "2016-01-11 09:29:23"),
(72, 5631, "2015-09-11 00:46:00"),
(73, 521, "2015-03-20 02:49:02"),
(74, 139, "2017-10-22 00:18:32"),
(75, 2815, "2014-09-25 23:44:36"),
(76, 6351, "2020-12-11 10:38:24"),
(77, 273, "2017-05-21 00:43:13"),
(78, 9283, "2018-02-11 16:15:00"),
(79, 157, "2017-02-21 04:47:25"),
(80, 3737, "2022-06-15 15:20:22"),
(81, 130, "2018-09-25 10:54:21"),
(82, 825, "2022-11-17 20:26:16"),
(83, 4123, "2023-03-23 06:10:53"),
(84, 2660, "2019-05-17 13:48:02"),
(85, 2203, "2020-09-11 00:01:40"),
(86, 126, "2017-04-14 19:25:27"),
(87, 7583, "2014-02-20 15:16:36"),
(88, 1915, "2023-07-08 03:35:50"),
(89, 3778, "2018-04-01 02:40:32"),
(90, 1003, "2016-10-27 15:00:40"),
(91, 7262, "2018-06-16 14:09:09"),
(92, 2596, "2023-07-25 15:18:56"),
(93, 228, "2013-11-29 13:05:40"),
(94, 227, "2017-09-26 04:49:02"),
(95, 2599, "2014-04-22 02:38:33"),
(96, 6376, "2021-01-26 03:23:17"),
(97, 8647, "2022-08-13 15:23:51"),
(98, 6916, "2017-06-15 16:23:47"),
(99, 3517, "2016-04-13 18:39:21"),
(100, 1470, "2016-08-07 08:44:00"),
(101, 1527, "2018-10-30 03:28:28"),
(102, 9463, "2017-02-02 06:50:24"),
(103, 3049, "2014-01-17 06:03:43"),
(104, 6228, "2016-08-22 21:45:38"),
(105, 6436, "2018-05-02 17:27:36"),
(106, 9179, "2021-07-01 19:21:57"),
(107, 170, "2015-06-13 06:54:30"),
(108, 64, "2018-10-24 08:21:21"),
(109, 234, "2014-05-16 17:52:13"),
(110, 805, "2020-02-01 21:51:42"),
(111, 3530, "2020-07-29 10:27:04"),
(112, 7509, "2022-01-13 16:07:03"),
(113, 3817, "2017-11-12 12:28:33"),
(114, 205, "2019-11-16 19:57:00"),
(115, 263, "2020-07-10 18:20:40"),
(116, 2025, "2018-05-01 14:37:13"),
(117, 636, "2017-06-15 05:21:25"),
(118, 1508, "2014-08-07 01:20:30"),
(119, 493, "2014-11-11 01:39:19"),
(120, 2102, "2019-02-19 09:46:15"),
(121, 3873, "2015-08-15 09:43:31"),
(122, 6200, "2016-05-05 02:58:46"),
(123, 9073, "2022-05-22 07:54:46"),
(124, 1303, "2022-10-15 16:19:08"),
(125, 287, "2019-03-03 20:49:09"),
(126, 69, "2015-08-07 15:50:58"),
(127, 6762, "2022-05-08 22:38:40"),
(128, 56, "2017-11-19 09:40:38"),
(129, 2543, "2019-05-25 03:01:12"),
(130, 4546, "2023-02-08 00:10:51"),
(131, 9167, "2022-03-27 19:19:43"),
(132, 2128, "2014-05-25 13:13:14"),
(133, 147, "2017-11-10 00:25:12"),
(134, 2651, "2020-10-12 12:54:50"),
(135, 4982, "2017-05-06 11:31:48"),
(136, 4220, "2018-09-29 07:04:09"),
(137, 2625, "2016-06-07 23:33:49"),
(138, 3229, "2021-07-18 00:57:32"),
(139, 1275, "2014-11-18 21:00:22"),
(140, 3814, "2016-05-12 22:07:36"),
(141, 1762, "2020-03-17 17:34:30"),
(142, 3751, "2022-04-03 19:00:48"),
(143, 117, "2016-10-11 12:29:19"),
(144, 2887, "2021-09-13 03:21:25"),
(145, 3277, "2020-02-08 12:14:43"),
(146, 173, "2021-10-14 11:40:48"),
(147, 207, "2018-11-09 16:56:51"),
(148, 6314, "2015-05-27 10:51:03"),
(149, 3087, "2020-03-27 05:05:29"),
(150, 59, "2014-03-07 13:03:27"),
(151, 31, "2021-02-18 21:43:59"),
(152, 4878, "2020-03-08 09:21:40"),
(153, 6337, "2017-01-17 22:42:48"),
(154, 1471, "2022-09-10 21:55:44"),
(155, 6739, "2014-02-03 08:40:29"),
(156, 2788, "2017-11-26 03:25:49"),
(157, 3112, "2014-12-12 12:34:54"),
(158, 3361, "2018-12-07 13:03:00"),
(159, 228, "2022-11-26 20:30:26"),
(160, 2137, "2021-04-04 07:15:39"),
(161, 9167, "2015-08-13 00:06:55"),
(162, 289, "2015-08-23 11:46:26"),
(163, 151, "2018-12-11 10:09:39"),
(164, 9603, "2021-06-16 13:23:25"),
(165, 9317, "2023-09-08 00:40:53"),
(166, 6255, "2018-12-24 23:50:17"),
(167, 197, "2019-07-31 22:47:35"),
(168, 6542, "2022-05-07 09:00:37"),
(169, 4303, "2016-08-23 13:15:24"),
(170, 52, "2016-12-07 01:24:08"),
(171, 3502, "2016-03-29 08:19:09"),
(172, 2646, "2019-04-24 03:13:54"),
(173, 2460, "2023-08-04 06:49:18"),
(174, 7130, "2021-02-24 08:57:11"),
(175, 9798, "2014-07-26 10:27:48"),
(176, 1171, "2018-10-07 15:41:20"),
(177, 2459, "2020-08-09 13:53:44"),
(178, 2935, "2018-04-29 03:45:41"),
(179, 143, "2016-03-11 20:20:32"),
(180, 1737, "2013-12-07 04:10:34"),
(181, 2848, "2021-05-23 20:24:44"),
(182, 161, "2018-02-09 00:57:02"),
(183, 139, "2021-08-13 11:36:24"),
(184, 231, "2015-04-16 15:06:40"),
(185, 5231, "2022-09-22 22:10:13"),
(186, 230, "2022-01-05 22:39:16"),
(187, 5766, "2015-06-15 00:17:46"),
(188, 3127, "2014-03-28 01:18:15"),
(189, 4520, "2014-12-03 03:45:02"),
(190, 9453, "2017-04-17 19:25:22"),
(191, 3408, "2018-01-07 21:51:01"),
(192, 47, "2019-09-04 17:56:44"),
(193, 2220, "2019-07-16 04:53:35"),
(194, 283, "2021-03-07 00:36:50"),
(195, 4276, "2021-06-28 17:52:48"),
(196, 8641, "2018-04-23 13:33:13"),
(197, 4186, "2019-10-05 03:03:49"),
(198, 155, "2014-03-01 12:27:14"),
(199, 9923, "2021-08-29 15:02:23"),
(200, 7041, "2016-10-18 17:30:35"),
(201, 1415, "2019-06-11 21:08:05"),
(202, 5047, "2021-12-11 20:41:42"),
(203, 293, "2014-12-30 17:17:12"),
(204, 2539, "2017-02-27 03:55:23"),
(205, 199, "2016-12-28 14:34:40"),
(206, 578, "2022-07-24 11:34:00"),
(207, 1479, "2020-02-08 03:18:11"),
(208, 706, "2017-07-27 04:43:08"),
(209, 4460, "2022-12-14 14:52:12"),
(210, 3626, "2021-01-31 07:14:27"),
(211, 4258, "2022-02-01 05:29:48"),
(212, 3279, "2014-12-18 20:57:02"),
(213, 88, "2018-10-09 16:12:36"),
(214, 114, "2018-11-08 10:00:04"),
(215, 2450, "2020-11-21 23:27:14"),
(216, 4213, "2017-02-22 23:27:30"),
(217, 2378, "2018-10-11 10:29:23"),
(218, 6521, "2022-09-01 00:56:44"),
(219, 66, "2017-07-30 19:28:13"),
(220, 3334, "2022-08-21 03:19:47"),
(221, 7151, "2017-12-15 23:02:32"),
(222, 4976, "2015-03-04 10:04:13"),
(223, 3142, "2020-12-02 21:57:50"),
(224, 207, "2020-07-06 13:21:55"),
(225, 7760, "2023-05-16 23:05:01"),
(226, 4535, "2018-10-28 21:01:07"),
(227, 6557, "2016-10-23 06:37:10"),
(228, 3830, "2023-07-21 03:42:41"),
(229, 9440, "2016-01-24 23:06:19"),
(230, 114, "2021-11-23 12:12:27"),
(231, 3736, "2022-05-10 14:03:47"),
(232, 3436, "2022-01-01 22:43:31"),
(233, 279, "2015-09-06 08:49:25"),
(234, 4820, "2017-10-04 06:39:38"),
(235, 3759, "2014-04-23 19:35:27"),
(236, 5966, "2018-07-26 21:16:09"),
(237, 116, "2017-09-16 14:43:30"),
(238, 8037, "2017-06-23 07:34:31"),
(239, 7279, "2019-02-24 07:36:00"),
(240, 538, "2023-10-08 08:03:40"),
(241, 1788, "2017-03-23 00:05:17"),
(242, 1882, "2021-01-02 11:28:47"),
(243, 250, "2014-04-11 04:49:44"),
(244, 30, "2021-10-09 10:35:13"),
(245, 560, "2015-09-30 02:20:27"),
(246, 60, "2020-03-13 12:42:33"),
(247, 4399, "2020-01-04 22:35:49"),
(248, 7025, "2019-02-17 04:45:45"),
(249, 649, "2023-09-16 10:28:42"),
(250, 2388, "2015-06-27 07:15:57"),
(251, 1423, "2016-08-05 00:22:08"),
(252, 197, "2020-01-02 11:12:09"),
(253, 6614, "2019-04-20 17:25:21"),
(254, 1498, "2020-10-20 21:02:25"),
(255, 232, "2019-09-11 02:08:05"),
(256, 614, "2018-06-29 19:50:02"),
(257, 467, "2014-11-14 06:25:28"),
(258, 193, "2014-12-21 06:04:57"),
(259, 2145, "2016-07-18 22:56:20"),
(260, 3530, "2018-06-21 22:34:02"),
(261, 5701, "2015-04-04 00:08:52"),
(262, 2910, "2022-12-22 02:14:54"),
(263, 199, "2020-08-06 02:56:08"),
(264, 840, "2022-02-07 01:01:28"),
(265, 2263, "2020-02-01 19:35:59"),
(266, 2972, "2014-06-21 13:10:54"),
(267, 150, "2014-12-08 20:06:11"),
(268, 1519, "2021-08-24 15:42:24"),
(269, 2989, "2020-03-11 09:41:51"),
(270, 93, "2021-06-08 15:17:48"),
(271, 87, "2015-03-08 07:51:32"),
(272, 56, "2020-10-24 16:37:33"),
(273, 2806, "2020-10-19 00:47:47"),
(274, 293, "2018-03-19 02:03:53"),
(275, 8787, "2016-12-12 08:15:52"),
(276, 170, "2023-07-05 04:55:36"),
(277, 7012, "2016-03-22 11:25:46"),
(278, 2351, "2019-04-04 16:33:06"),
(279, 285, "2016-09-11 03:20:40"),
(280, 207, "2021-04-23 11:53:29"),
(281, 1160, "2022-08-31 08:16:24"),
(282, 263, "2018-04-04 08:54:37"),
(283, 101, "2015-09-04 14:55:33"),
(284, 55, "2018-12-18 06:49:39"),
(285, 1919, "2020-04-06 04:15:58"),
(286, 2667, "2015-06-17 02:46:37"),
(287, 4194, "2019-07-31 07:21:01"),
(288, 1160, "2023-10-10 21:27:01"),
(289, 1122, "2016-03-02 06:05:04"),
(290, 3713, "2019-10-08 15:10:42"),
(291, 4406, "2023-01-28 02:59:32"),
(292, 129, "2020-03-05 18:00:24"),
(293, 1822, "2018-01-28 16:23:53"),
(294, 66, "2022-09-04 10:36:02"),
(295, 219, "2021-07-13 06:40:34"),
(296, 3750, "2021-06-13 05:12:05"),
(297, 4627, "2020-03-08 09:58:46"),
(298, 4579, "2017-12-23 03:11:25"),
(299, 3142, "2014-02-26 14:46:15"),
(300, 138, "2021-11-11 01:55:02"),
(301, 211, "2018-12-25 13:26:52"),
(302, 822, "2017-05-24 20:24:34"),
(303, 8517, "2015-11-03 07:05:45"),
(304, 3750, "2015-05-01 04:20:43"),
(305, 266, "2021-09-22 18:28:20"),
(306, 2256, "2018-04-17 22:40:07"),
(307, 671, "2023-06-28 11:13:17"),
(308, 8231, "2021-12-16 21:00:30"),
(309, 513, "2017-10-26 13:16:03"),
(310, 1644, "2017-02-08 14:36:42"),
(311, 5007, "2017-11-03 18:24:09"),
(312, 2253, "2018-12-12 10:29:44"),
(313, 222, "2017-10-25 17:24:08"),
(314, 5870, "2019-08-12 23:55:09"),
(315, 4343, "2023-05-15 21:13:46"),
(316, 893, "2016-04-04 18:58:35"),
(317, 1250, "2016-10-10 13:49:20"),
(318, 9020, "2015-08-09 07:08:44"),
(319, 1528, "2021-04-27 22:46:50"),
(320, 240, "2014-09-03 08:36:13"),
(321, 1625, "2023-01-11 15:27:24"),
(322, 8189, "2018-01-21 09:29:23"),
(323, 2559, "2014-01-20 09:19:37"),
(324, 4390, "2013-12-19 16:56:11"),
(325, 4456, "2015-10-01 23:31:34"),
(326, 3413, "2021-08-19 12:09:21"),
(327, 137, "2017-11-29 02:26:37"),
(328, 86, "2016-11-26 18:43:11"),
(329, 8390, "2015-07-10 23:26:49"),
(330, 276, "2023-07-21 23:15:57"),
(331, 3894, "2020-01-02 01:46:33"),
(332, 1114, "2018-10-20 17:01:38"),
(333, 3932, "2020-06-16 18:20:58"),
(334, 236, "2014-02-25 02:16:16"),
(335, 7191, "2019-03-20 15:09:03"),
(336, 2112, "2017-09-25 05:59:43"),
(337, 112, "2022-11-09 17:01:57"),
(338, 292, "2019-05-10 07:00:44"),
(339, 3567, "2023-11-07 06:53:55"),
(340, 5419, "2020-02-05 08:27:31"),
(341, 129, "2023-10-12 20:30:06"),
(342, 2052, "2021-12-14 23:25:37"),
(343, 74, "2022-04-26 10:18:57"),
(344, 9857, "2021-02-08 14:11:19"),
(345, 504, "2013-11-22 09:46:10"),
(346, 2107, "2021-03-17 19:06:45"),
(347, 1096, "2022-04-12 20:39:38"),
(348, 1566, "2016-07-01 13:52:54"),
(349, 2996, "2020-01-22 14:24:49"),
(350, 2196, "2018-08-06 12:13:03"),
(351, 1755, "2022-07-05 01:13:55"),
(352, 108, "2016-01-20 05:58:19"),
(353, 2200, "2023-08-12 00:32:14"),
(354, 3746, "2023-08-05 19:43:18"),
(355, 8625, "2016-07-01 04:27:59"),
(356, 175, "2023-06-19 04:23:56"),
(357, 6093, "2015-08-19 23:14:33"),
(358, 7469, "2018-10-17 10:13:23"),
(359, 9699, "2022-02-10 14:24:41"),
(360, 2598, "2022-10-01 04:54:25"),
(361, 372, "2014-09-06 13:23:13"),
(362, 8786, "2019-05-30 20:01:49"),
(363, 1864, "2019-01-14 15:42:03"),
(364, 261, "2018-05-11 21:53:48"),
(365, 309, "2016-05-13 00:33:58"),
(366, 33, "2019-10-08 03:40:32"),
(367, 3545, "2015-11-16 09:21:28"),
(368, 6928, "2014-07-12 10:18:18"),
(369, 8327, "2023-08-07 04:17:24"),
(370, 3217, "2023-08-22 19:42:11"),
(371, 6818, "2022-01-26 18:06:05"),
(372, 4113, "2015-05-23 23:49:43"),
(373, 2798, "2017-08-23 08:25:30"),
(374, 2638, "2023-11-11 02:02:13"),
(375, 114, "2023-01-21 01:36:04"),
(376, 2898, "2015-04-21 04:30:45"),
(377, 7354, "2021-01-31 10:38:56"),
(378, 2438, "2017-08-04 03:50:50"),
(379, 3381, "2016-03-15 00:53:43"),
(380, 120, "2022-03-08 22:40:05"),
(381, 177, "2016-09-05 12:55:16"),
(382, 2473, "2023-01-29 17:57:05"),
(383, 2191, "2015-10-28 03:32:59"),
(384, 878, "2015-03-30 03:18:12"),
(385, 42, "2021-11-01 03:56:28"),
(386, 3873, "2019-04-06 14:10:25"),
(387, 155, "2015-10-13 17:43:14"),
(388, 2085, "2014-09-15 18:00:46"),
(389, 3557, "2019-08-10 21:01:58"),
(390, 1641, "2018-02-28 07:07:45"),
(391, 1612, "2018-09-19 16:30:20"),
(392, 4886, "2015-03-14 11:00:36"),
(393, 4955, "2013-12-22 17:26:32"),
(394, 31, "2022-05-30 02:53:47"),
(395, 2768, "2014-12-24 20:48:49"),
(396, 4793, "2019-06-02 15:01:51"),
(397, 259, "2020-03-24 12:30:39"),
(398, 643, "2018-05-31 20:31:17"),
(399, 4442, "2019-08-13 02:14:23"),
(400, 154, "2018-05-10 14:18:08"),
(401, 2926, "2019-04-30 10:26:56"),
(402, 855, "2021-09-07 08:01:18"),
(403, 9764, "2016-10-14 01:53:12"),
(404, 111, "2021-07-07 00:30:11"),
(405, 7589, "2015-10-27 06:31:11"),
(406, 80, "2017-06-26 13:37:58"),
(407, 8478, "2018-05-10 00:10:17"),
(408, 8133, "2017-07-01 20:39:36"),
(409, 1257, "2022-03-26 09:43:33"),
(410, 6532, "2023-04-05 21:57:22"),
(411, 185, "2021-01-29 19:11:51"),
(412, 3952, "2021-11-08 09:42:55"),
(413, 1024, "2018-12-09 07:46:03"),
(414, 4640, "2021-03-09 00:46:50"),
(415, 273, "2018-09-30 17:33:12"),
(416, 1896, "2023-08-05 22:11:45"),
(417, 142, "2022-01-25 13:21:57"),
(418, 7310, "2018-04-23 08:14:37"),
(419, 5303, "2013-12-13 20:43:24"),
(420, 269, "2020-08-20 14:28:06"),
(421, 103, "2015-03-01 08:01:56"),
(422, 9588, "2017-05-02 21:59:25"),
(423, 141, "2020-08-28 09:02:49"),
(424, 270, "2020-01-04 05:27:23"),
(425, 5791, "2021-10-05 02:00:30"),
(426, 107, "2020-12-11 09:16:54"),
(427, 5814, "2019-08-19 00:44:54"),
(428, 9595, "2020-06-05 12:14:15"),
(429, 2793, "2023-05-31 12:37:23"),
(430, 408, "2017-07-23 16:22:46"),
(431, 4474, "2018-07-26 19:15:09"),
(432, 3372, "2015-08-30 07:50:34"),
(433, 1221, "2017-06-03 17:50:23"),
(434, 201, "2020-01-15 00:11:41"),
(435, 433, "2020-07-27 13:45:06"),
(436, 119, "2022-02-27 22:21:55"),
(437, 7740, "2015-11-16 14:29:27"),
(438, 46, "2017-10-20 02:24:54"),
(439, 1161, "2016-07-03 12:26:09"),
(440, 4163, "2014-05-18 12:13:23"),
(441, 292, "2018-08-23 23:44:38"),
(442, 2554, "2021-03-27 15:21:30"),
(443, 193, "2020-08-10 08:42:13"),
(444, 2788, "2017-01-24 02:42:03"),
(445, 2099, "2019-09-03 10:00:55"),
(446, 273, "2020-09-10 23:59:47"),
(447, 584, "2018-03-24 00:50:41"),
(448, 158, "2016-11-25 05:35:01"),
(449, 4883, "2022-02-12 19:31:04"),
(450, 1207, "2023-09-25 10:39:16"),
(451, 6904, "2019-05-05 18:26:55"),
(452, 3422, "2023-05-19 02:01:46"),
(453, 270, "2015-02-13 04:20:45"),
(454, 5773, "2016-02-01 20:58:46"),
(455, 5660, "2016-09-24 06:22:40"),
(456, 726, "2022-07-02 00:59:43"),
(457, 120, "2019-11-21 01:46:57"),
(458, 3179, "2021-10-18 05:03:40"),
(459, 2951, "2023-03-18 17:47:00"),
(460, 445, "2018-10-26 19:37:09"),
(461, 7359, "2017-07-15 12:51:00"),
(462, 1156, "2020-10-09 16:13:12"),
(463, 2588, "2022-03-26 05:21:37"),
(464, 180, "2014-02-19 16:27:15"),
(465, 178, "2014-02-11 09:35:59"),
(466, 7175, "2023-03-12 18:33:19"),
(467, 9904, "2015-05-16 23:27:12"),
(468, 1617, "2021-03-06 21:10:19"),
(469, 238, "2016-11-06 08:48:33"),
(470, 321, "2015-08-17 15:02:46"),
(471, 293, "2022-09-19 05:05:56"),
(472, 163, "2022-01-13 23:29:36"),
(473, 9404, "2019-05-07 04:21:54"),
(474, 576, "2023-08-22 06:18:47"),
(475, 1180, "2019-08-21 03:48:48"),
(476, 720, "2015-07-30 13:23:40"),
(477, 64, "2017-08-27 03:35:40"),
(478, 4470, "2023-10-14 07:02:50"),
(479, 8425, "2015-01-26 11:56:55"),
(480, 4430, "2016-08-19 18:45:43"),
(481, 127, "2015-02-03 04:14:09"),
(482, 1662, "2017-09-18 00:59:26"),
(483, 226, "2015-02-22 03:51:22"),
(484, 154, "2019-10-19 22:34:11"),
(485, 1426, "2016-08-18 12:13:43"),
(486, 2312, "2020-01-02 04:52:11"),
(487, 5076, "2014-12-19 13:41:42"),
(488, 5315, "2019-12-04 15:17:33"),
(489, 7010, "2016-10-30 22:11:30"),
(490, 3244, "2023-07-29 22:13:17"),
(491, 5560, "2021-03-20 07:02:02"),
(492, 7390, "2022-01-27 17:18:13"),
(493, 161, "2014-07-24 12:22:01"),
(494, 4273, "2019-05-12 01:44:45"),
(495, 111, "2018-01-10 08:00:11"),
(496, 4982, "2014-01-25 21:45:12"),
(497, 4230, "2022-06-10 19:13:07"),
(498, 29, "2020-12-09 10:41:34"),
(499, 7788, "2021-03-27 00:02:17"),
(500, 2661, "2023-06-13 20:13:26"),
(501, 3817, "2013-12-22 19:24:53"),
(502, 2622, "2015-03-03 23:59:00"),
(503, 1287, "2015-11-16 12:35:58"),
(504, 94, "2022-08-02 05:42:53"),
(505, 2219, "2020-09-08 07:04:44"),
(506, 1600, "2015-10-08 08:11:43"),
(507, 4473, "2018-05-29 12:39:29"),
(508, 5405, "2017-06-10 08:34:54"),
(509, 278, "2014-02-21 18:41:36"),
(510, 45, "2021-11-01 09:58:25"),
(511, 5423, "2022-03-24 18:36:51"),
(512, 38, "2015-06-09 15:48:02"),
(513, 164, "2015-04-04 09:05:58"),
(514, 1295, "2022-05-10 16:05:37"),
(515, 322, "2014-04-11 15:24:37"),
(516, 1549, "2020-07-21 18:49:56"),
(517, 138, "2022-08-21 01:02:59"),
(518, 100, "2016-04-27 07:49:41"),
(519, 4326, "2019-09-01 20:59:22"),
(520, 4644, "2021-01-04 00:21:26"),
(521, 7083, "2016-01-01 16:54:59"),
(522, 68, "2017-04-29 06:18:59"),
(523, 2922, "2020-03-20 03:18:46"),
(524, 75, "2019-11-08 10:08:01"),
(525, 3905, "2015-11-07 04:43:53"),
(526, 186, "2016-09-13 15:25:38"),
(527, 2146, "2020-01-24 22:09:43"),
(528, 187, "2017-05-01 14:23:34"),
(529, 207, "2019-03-19 21:06:25"),
(530, 9773, "2020-12-07 01:42:49"),
(531, 2436, "2016-08-02 04:52:16"),
(532, 176, "2018-11-17 03:00:42"),
(533, 553, "2019-01-09 14:42:56"),
(534, 3772, "2020-02-26 19:25:43"),
(535, 8738, "2017-07-10 09:11:58"),
(536, 6198, "2016-12-22 05:26:52"),
(537, 2409, "2014-12-12 21:30:43"),
(538, 6548, "2014-08-12 15:57:45"),
(539, 2161, "2021-08-27 17:10:41"),
(540, 149, "2016-07-13 11:00:19"),
(541, 2478, "2015-11-03 07:03:42"),
(542, 144, "2016-06-28 14:45:34"),
(543, 568, "2013-12-12 07:52:49"),
(544, 3170, "2022-01-09 05:09:41"),
(545, 2197, "2017-10-20 13:23:15"),
(546, 8935, "2018-01-09 15:49:13"),
(547, 6567, "2021-12-31 04:14:43"),
(548, 4078, "2016-05-17 01:20:30"),
(549, 848, "2015-11-23 03:08:50"),
(550, 79, "2022-06-11 06:30:42"),
(551, 122, "2017-04-05 16:49:26"),
(552, 7360, "2015-05-04 20:32:21"),
(553, 246, "2022-04-13 09:20:14"),
(554, 82, "2016-06-17 04:33:38"),
(555, 4392, "2022-08-17 02:08:05"),
(556, 4148, "2019-07-08 03:14:02"),
(557, 4442, "2023-10-21 15:25:19"),
(558, 6162, "2017-08-28 01:49:21"),
(559, 3406, "2019-06-06 16:06:55"),
(560, 7926, "2018-11-20 07:50:41"),
(561, 7443, "2022-09-12 03:41:54"),
(562, 4538, "2021-09-16 22:36:15"),
(563, 3306, "2019-09-12 14:33:43"),
(564, 5632, "2016-02-16 02:06:36"),
(565, 3814, "2014-06-29 17:35:49"),
(566, 52, "2022-02-10 16:10:16"),
(567, 2366, "2015-10-10 19:12:46"),
(568, 2025, "2013-12-14 02:20:59"),
(569, 4439, "2018-07-25 09:42:21"),
(570, 3566, "2016-05-21 08:04:08"),
(571, 175, "2018-06-27 05:10:32"),
(572, 1022, "2021-09-21 00:46:32"),
(573, 321, "2014-04-11 15:24:33"),
(574, 45, "2018-02-04 10:13:38"),
(575, 135, "2015-09-27 11:24:34"),
(576, 6568, "2023-03-21 07:26:52"),
(577, 64, "2015-07-28 02:12:44"),
(578, 606, "2021-09-04 21:50:52"),
(579, 2231, "2017-10-23 06:56:58"),
(580, 513, "2023-05-30 08:43:28"),
(581, 186, "2019-10-06 07:17:55"),
(582, 2550, "2019-12-19 00:02:54"),
(583, 4689, "2022-05-28 14:31:29"),
(584, 5460, "2020-10-24 17:10:59"),
(585, 197, "2020-05-02 06:22:19"),
(586, 8248, "2023-04-16 21:58:52"),
(587, 8958, "2022-10-28 09:25:01"),
(588, 3926, "2016-11-19 07:57:10"),
(589, 2652, "2023-11-06 06:51:46"),
(590, 3348, "2016-07-02 02:07:20"),
(591, 106, "2019-09-23 02:20:11"),
(592, 7148, "2021-01-18 05:22:42"),
(593, 8316, "2022-04-28 10:53:34"),
(594, 3708, "2022-06-04 12:24:22"),
(595, 957, "2023-05-23 13:40:27"),
(596, 1387, "2022-01-20 19:14:28"),
(597, 1239, "2015-07-22 05:25:20"),
(598, 2513, "2018-05-04 06:05:58"),
(599, 243, "2020-04-16 22:18:49"),
(600, 1764, "2015-03-19 19:22:11"),
(601, 5983, "2022-11-22 14:50:23"),
(602, 3081, "2016-01-08 21:16:00"),
(603, 285, "2017-02-26 13:53:39"),
(604, 7242, "2020-01-08 01:10:21"),
(605, 9641, "2014-01-07 07:39:04"),
(606, 7327, "2022-11-05 12:57:59"),
(607, 4223, "2016-07-22 20:18:33"),
(608, 5654, "2013-11-27 12:53:22"),
(609, 3469, "2022-06-05 09:35:22"),
(610, 431, "2022-04-11 09:28:34"),
(611, 227, "2015-05-08 20:56:17"),
(612, 7121, "2015-12-13 15:14:07"),
(613, 2769, "2023-07-07 03:14:47"),
(614, 190, "2014-08-11 11:00:25"),
(615, 4986, "2022-10-29 16:10:36"),
(616, 2679, "2022-06-01 12:52:50"),
(617, 8123, "2017-02-23 10:29:29"),
(618, 4392, "2020-07-23 17:11:04"),
(619, 235, "2017-11-29 17:01:42"),
(620, 217, "2023-02-28 23:10:36"),
(621, 5638, "2022-07-19 09:48:42"),
(622, 2886, "2017-12-08 23:32:57"),
(623, 298, "2021-03-20 03:33:46"),
(624, 252, "2021-12-25 09:35:41"),
(625, 2736, "2023-05-14 22:05:45"),
(626, 9330, "2021-03-28 19:26:34"),
(627, 4009, "2021-07-15 19:57:27"),
(628, 4452, "2019-12-24 16:36:02"),
(629, 1022, "2022-12-03 04:29:07"),
(630, 2461, "2022-11-17 12:07:37"),
(631, 191, "2022-04-16 03:45:58"),
(632, 2817, "2023-08-22 05:09:53"),
(633, 4535, "2014-12-21 17:38:28"),
(634, 63, "2020-01-20 11:03:35"),
(635, 7062, "2017-08-12 00:57:04"),
(636, 147, "2020-02-10 06:05:52"),
(637, 280, "2022-06-19 00:24:08"),
(638, 3527, "2019-01-07 05:45:07"),
(639, 3804, "2023-04-20 00:57:56"),
(640, 1385, "2023-06-25 23:49:17"),
(641, 2080, "2021-01-01 21:20:11"),
(642, 4472, "2022-01-15 12:36:02"),
(643, 134, "2023-09-14 19:15:28"),
(644, 186, "2016-09-23 00:26:35"),
(645, 3893, "2019-04-09 13:13:02"),
(646, 3666, "2020-02-01 03:32:00"),
(647, 213, "2021-08-26 14:02:54"),
(648, 769, "2016-04-09 21:01:01"),
(649, 2663, "2014-03-08 03:04:44"),
(650, 142, "2014-06-09 07:53:41"),
(651, 531, "2015-06-05 10:16:50"),
(652, 5603, "2018-08-16 20:37:19"),
(653, 1189, "2017-12-01 07:47:54"),
(654, 8549, "2018-08-07 03:56:15"),
(655, 205, "2018-08-03 12:15:32"),
(656, 9865, "2019-07-26 03:12:55"),
(657, 213, "2016-03-07 06:26:14"),
(658, 135, "2015-10-20 10:58:52"),
(659, 4931, "2015-11-25 15:50:24"),
(660, 3328, "2014-08-21 02:58:24"),
(661, 1010, "2015-12-21 18:06:38"),
(662, 201, "2017-01-22 04:45:58"),
(663, 1262, "2017-10-11 07:26:08"),
(664, 7889, "2016-12-11 10:11:35"),
(665, 69, "2019-02-07 15:33:37"),
(666, 2043, "2021-12-25 11:49:36"),
(667, 1942, "2022-12-04 14:00:16"),
(668, 95, "2014-05-31 17:42:16"),
(669, 701, "2021-12-21 12:23:30"),
(670, 2936, "2021-03-28 05:13:20"),
(671, 1232, "2015-09-25 07:30:08"),
(672, 4691, "2021-04-19 14:52:00"),
(673, 142, "2020-08-14 13:03:03"),
(674, 4749, "2023-10-31 23:28:53"),
(675, 532, "2016-03-14 19:54:31"),
(676, 5883, "2020-12-19 07:01:09"),
(677, 4131, "2019-05-11 02:23:50"),
(678, 806, "2023-07-18 05:36:59"),
(679, 197, "2018-11-15 01:52:15"),
(680, 1203, "2016-01-20 09:02:34"),
(681, 5308, "2014-09-18 07:15:00"),
(682, 3722, "2018-10-07 21:06:57"),
(683, 1370, "2014-10-22 21:20:38"),
(684, 100, "2021-02-09 07:59:55"),
(685, 783, "2017-10-17 16:29:46"),
(686, 5851, "2022-04-29 13:14:53"),
(687, 3363, "2014-07-16 09:34:55"),
(688, 4523, "2022-09-05 03:02:21"),
(689, 3056, "2022-10-29 17:31:27"),
(690, 3803, "2020-07-20 02:31:43"),
(691, 42, "2019-07-30 17:28:46"),
(692, 9065, "2020-10-06 07:13:04"),
(693, 9384, "2013-11-26 11:57:52"),
(694, 168, "2017-04-04 13:24:42"),
(695, 2641, "2015-12-30 23:52:21"),
(696, 2771, "2022-04-16 03:26:30"),
(697, 1790, "2023-10-18 07:29:20"),
(698, 6123, "2016-12-09 04:20:45"),
(699, 3182, "2014-08-21 03:06:08"),
(700, 2283, "2019-07-23 07:26:22"),
(701, 6040, "2015-03-12 13:33:24"),
(702, 3399, "2016-03-28 05:41:39"),
(703, 6342, "2016-11-04 17:38:07"),
(704, 2496, "2015-01-04 22:14:20"),
(705, 8669, "2019-06-26 11:32:50"),
(706, 2320, "2019-05-16 19:28:48"),
(707, 238, "2016-12-19 12:54:04"),
(708, 3909, "2019-02-23 08:11:36"),
(709, 702, "2015-06-03 14:07:01"),
(710, 176, "2019-03-30 04:29:29"),
(711, 8826, "2017-11-14 11:57:19"),
(712, 3743, "2014-01-12 23:45:56"),
(713, 311, "2021-12-20 05:49:54"),
(714, 1791, "2015-12-15 14:20:03"),
(715, 996, "2022-09-19 18:24:53"),
(716, 67, "2016-09-11 04:42:40"),
(717, 6572, "2014-10-17 05:33:08"),
(718, 2833, "2018-12-23 07:55:20"),
(719, 5231, "2015-07-15 00:27:04"),
(720, 3110, "2018-11-06 06:55:36"),
(721, 3607, "2019-01-27 18:58:25"),
(722, 87, "2016-03-06 15:03:08"),
(723, 216, "2019-10-24 01:46:36"),
(724, 245, "2015-07-18 03:19:17"),
(725, 1222, "2014-10-02 08:46:28"),
(726, 192, "2019-06-19 00:30:17"),
(727, 9763, "2014-10-02 15:05:30"),
(728, 215, "2017-07-06 21:42:48"),
(729, 4724, "2021-06-02 05:23:44"),
(730, 2926, "2019-02-02 16:48:17"),
(731, 6279, "2021-03-05 01:44:16"),
(732, 1456, "2017-01-11 10:16:45"),
(733, 3370, "2017-12-09 13:48:20"),
(734, 295, "2017-07-30 15:39:32");

INSERT INTO Realiza (nome,idCompra,nif) VALUES
("Hotel", 1, 111911857),
("Concierge", 2, 111911857),
("Restaurante", 3, 111911857),
("Concierge", 4, 111911857),
("Concierge", 5, 111911857),
("Hotel", 6, 111911857),
("Bar", 7, 111911857),
("Concierge", 8, 111911857),
("Concierge", 9, 111911857),
("Bar", 10, 111911857),
("Bar", 11, 111911857),
("Restaurante", 12, 111911857),
("Bar", 13, 111911857),
("Concierge", 14, 111911857),
("Bar", 15, 910463791),
("Restaurante", 16, 910463791),
("Hotel", 17, 910463791),
("Concierge", 18, 910463791),
("Hotel", 19, 910463791),
("Bar", 20, 910463791),
("Hotel", 21, 910463791),
("Restaurante", 22, 910463791),
("Hotel", 23, 910463791),
("Hotel", 24, 910463791),
("Hotel", 25, 910463791),
("Bar", 26, 910463791),
("Concierge", 27, 910463791),
("Hotel", 28, 910463791),
("Bar", 29, 910463791),
("Bar", 30, 910463791),
("Bar", 31, 910463791),
("Concierge", 32, 910463791),
("Concierge", 33, 910463791),
("Concierge", 34, 910463791),
("Restaurante", 35, 910463791),
("Restaurante", 36, 910463791),
("Hotel", 37, 910463791),
("Bar", 38, 910463791),
("Hotel", 39, 910463791),
("Hotel", 40, 910463791),
("Restaurante", 41, 910463791),
("Hotel", 42, 910463791),
("Hotel", 43, 910463791),
("Hotel", 44, 910463791),
("Bar", 45, 910463791),
("Bar", 46, 910463791),
("Hotel", 47, 910463791),
("Hotel", 48, 910463791),
("Hotel", 49, 910463791),
("Bar", 50, 910463791),
("Hotel", 51, 910463791),
("Hotel", 52, 607571487),
("Hotel", 53, 607571487),
("Hotel", 54, 607571487),
("Hotel", 55, 607571487),
("Hotel", 56, 607571487),
("Concierge", 57, 607571487),
("Bar", 58, 607571487),
("Concierge", 59, 607571487),
("Bar", 60, 607571487),
("Concierge", 61, 607571487),
("Bar", 62, 607571487),
("Bar", 63, 607571487),
("Hotel", 64, 607571487),
("Bar", 65, 607571487),
("Concierge", 66, 607571487),
("Bar", 67, 607571487),
("Bar", 68, 607571487),
("Concierge", 69, 607571487),
("Hotel", 70, 607571487),
("Hotel", 71, 607571487),
("Bar", 72, 607571487),
("Bar", 73, 607571487),
("Concierge", 74, 607571487),
("Bar", 75, 607571487),
("Hotel", 76, 607571487),
("Hotel", 77, 607571487),
("Hotel", 78, 607571487),
("Concierge", 79, 607571487),
("Restaurante", 80, 607571487),
("Concierge", 81, 607571487),
("Bar", 82, 607571487),
("Hotel", 83, 607571487),
("Restaurante", 84, 143121101),
("Restaurante", 85, 143121101),
("Concierge", 86, 143121101),
("Hotel", 87, 143121101),
("Restaurante", 88, 143121101),
("Restaurante", 89, 143121101),
("Restaurante", 90, 143121101),
("Hotel", 91, 143121101),
("Bar", 92, 143121101),
("Hotel", 93, 143121101),
("Concierge", 94, 122533984),
("Bar", 95, 122533984),
("Bar", 96, 122533984),
("Bar", 97, 122533984),
("Hotel", 98, 122533984),
("Bar", 99, 122533984),
("Hotel", 100, 122533984),
("Bar", 101, 122533984),
("Bar", 102, 122533984),
("Hotel", 103, 122533984),
("Bar", 104, 122533984),
("Bar", 105, 122533984),
("Hotel", 106, 122533984),
("Concierge", 107, 122533984),
("Concierge", 108, 122533984),
("Concierge", 109, 122533984),
("Restaurante", 110, 122533984),
("Restaurante", 111, 122533984),
("Hotel", 112, 122533984),
("Restaurante", 113, 122533984),
("Concierge", 114, 122533984),
("Concierge", 115, 122533984),
("Restaurante", 116, 122533984),
("Bar", 117, 122533984),
("Hotel", 118, 122533984),
("Restaurante", 119, 122533984),
("Bar", 120, 122533984),
("Hotel", 121, 122533984),
("Bar", 122, 122533984),
("Hotel", 123, 122533984),
("Hotel", 124, 122533984),
("Concierge", 125, 122533984),
("Concierge", 126, 122533984),
("Bar", 127, 122533984),
("Concierge", 128, 122533984),
("Restaurante", 129, 872761209),
("Hotel", 130, 872761209),
("Bar", 131, 872761209),
("Restaurante", 132, 872761209),
("Concierge", 133, 872761209),
("Hotel", 134, 872761209),
("Restaurante", 135, 872761209),
("Restaurante", 136, 872761209),
("Hotel", 137, 872761209),
("Restaurante", 138, 872761209),
("Restaurante", 139, 872761209),
("Bar", 140, 872761209),
("Hotel", 141, 872761209),
("Restaurante", 142, 872761209),
("Concierge", 143, 872761209),
("Restaurante", 144, 872761209),
("Restaurante", 145, 872761209),
("Concierge", 146, 872761209),
("Concierge", 147, 872761209),
("Hotel", 148, 872761209),
("Hotel", 149, 872761209),
("Concierge", 150, 872761209),
("Concierge", 151, 779623060),
("Restaurante", 152, 779623060),
("Bar", 153, 779623060),
("Bar", 154, 779623060),
("Hotel", 155, 456081549),
("Hotel", 156, 456081549),
("Hotel", 157, 456081549),
("Bar", 158, 456081549),
("Concierge", 159, 456081549),
("Bar", 160, 456081549),
("Hotel", 161, 456081549),
("Concierge", 162, 456081549),
("Concierge", 163, 401092286),
("Bar", 164, 401092286),
("Bar", 165, 401092286),
("Hotel", 166, 401092286),
("Concierge", 167, 401092286),
("Bar", 168, 401092286),
("Hotel", 169, 401092286),
("Concierge", 170, 401092286),
("Restaurante", 171, 401092286),
("Hotel", 172, 401092286),
("Restaurante", 173, 401092286),
("Hotel", 174, 401092286),
("Bar", 175, 401092286),
("Hotel", 176, 401092286),
("Bar", 177, 401092286),
("Restaurante", 178, 401092286),
("Concierge", 179, 401092286),
("Restaurante", 180, 401092286),
("Restaurante", 181, 401092286),
("Concierge", 182, 679346931),
("Concierge", 183, 679346931),
("Concierge", 184, 679346931),
("Hotel", 185, 679346931),
("Concierge", 186, 679346931),
("Hotel", 187, 679346931),
("Restaurante", 188, 679346931),
("Restaurante", 189, 679346931),
("Hotel", 190, 679346931),
("Restaurante", 191, 679346931),
("Concierge", 192, 679346931),
("Restaurante", 193, 679346931),
("Concierge", 194, 679346931),
("Bar", 195, 679346931),
("Bar", 196, 679346931),
("Hotel", 197, 679346931),
("Concierge", 198, 679346931),
("Bar", 199, 679346931),
("Hotel", 200, 679346931),
("Hotel", 201, 679346931),
("Hotel", 202, 679346931),
("Concierge", 203, 679346931),
("Restaurante", 204, 679346931),
("Concierge", 205, 679346931),
("Hotel", 206, 679346931),
("Hotel", 207, 679346931),
("Hotel", 208, 679346931),
("Hotel", 209, 679346931),
("Bar", 210, 679346931),
("Restaurante", 211, 679346931),
("Restaurante", 212, 679346931),
("Concierge", 213, 679346931),
("Concierge", 214, 679346931),
("Hotel", 215, 679346931),
("Bar", 216, 679346931),
("Restaurante", 217, 679346931),
("Bar", 218, 679346931),
("Concierge", 219, 679346931),
("Bar", 220, 679346931),
("Hotel", 221, 679346931),
("Restaurante", 222, 679346931),
("Hotel", 223, 679346931),
("Concierge", 224, 679346931),
("Hotel", 225, 679346931),
("Bar", 226, 679346931),
("Bar", 227, 679346931),
("Bar", 228, 911706320),
("Hotel", 229, 911706320),
("Concierge", 230, 911706320),
("Bar", 231, 911706320),
("Bar", 232, 911706320),
("Concierge", 233, 911706320),
("Bar", 234, 911706320),
("Restaurante", 235, 911706320),
("Bar", 236, 911706320),
("Concierge", 237, 911706320),
("Hotel", 238, 911706320),
("Bar", 239, 911706320),
("Hotel", 240, 911706320),
("Bar", 241, 911706320),
("Hotel", 242, 911706320),
("Concierge", 243, 911706320),
("Concierge", 244, 911706320),
("Bar", 245, 911706320),
("Concierge", 246, 911706320),
("Restaurante", 247, 911706320),
("Bar", 248, 911706320),
("Bar", 249, 911706320),
("Restaurante", 250, 911706320),
("Restaurante", 251, 911706320),
("Concierge", 252, 911706320),
("Hotel", 253, 911706320),
("Restaurante", 254, 471470870),
("Restaurante", 255, 471470870),
("Bar", 256, 471470870),
("Hotel", 257, 471470870),
("Concierge", 258, 471470870),
("Restaurante", 259, 471470870),
("Restaurante", 260, 471470870),
("Hotel", 261, 471470870),
("Bar", 262, 471470870),
("Concierge", 263, 471470870),
("Bar", 264, 471470870),
("Restaurante", 265, 471470870),
("Bar", 266, 471470870),
("Concierge", 267, 471470870),
("Bar", 268, 471470870),
("Hotel", 269, 471470870),
("Concierge", 270, 471470870),
("Concierge", 271, 471470870),
("Concierge", 272, 471470870),
("Restaurante", 273, 471470870),
("Concierge", 274, 471470870),
("Hotel", 275, 471470870),
("Concierge", 276, 471470870),
("Bar", 277, 471470870),
("Bar", 278, 471470870),
("Concierge", 279, 471470870),
("Concierge", 280, 471470870),
("Restaurante", 281, 471470870),
("Restaurante", 282, 471470870),
("Concierge", 283, 471470870),
("Concierge", 284, 471470870),
("Restaurante", 285, 471470870),
("Hotel", 286, 471470870),
("Hotel", 287, 471470870),
("Restaurante", 288, 471470870),
("Bar", 289, 471470870),
("Restaurante", 290, 471470870),
("Restaurante", 291, 471470870),
("Concierge", 292, 471470870),
("Bar", 293, 471470870),
("Concierge", 294, 471470870),
("Concierge", 295, 471470870),
("Restaurante", 296, 471470870),
("Restaurante", 297, 471470870),
("Restaurante", 298, 471470870),
("Restaurante", 299, 471470870),
("Concierge", 300, 471470870),
("Concierge", 301, 852282267),
("Restaurante", 302, 852282267),
("Bar", 303, 852282267),
("Hotel", 304, 852282267),
("Concierge", 305, 852282267),
("Restaurante", 306, 852282267),
("Restaurante", 307, 852282267),
("Hotel", 308, 852282267),
("Bar", 309, 852282267),
("Restaurante", 310, 852282267),
("Bar", 311, 852282267),
("Bar", 312, 852282267),
("Concierge", 313, 852282267),
("Hotel", 314, 852282267),
("Hotel", 315, 852282267),
("Restaurante", 316, 852282267),
("Restaurante", 317, 852282267),
("Bar", 318, 852282267),
("Hotel", 319, 372590986),
("Restaurante", 320, 372590986),
("Restaurante", 321, 372590986),
("Hotel", 322, 372590986),
("Restaurante", 323, 372590986),
("Restaurante", 324, 372590986),
("Restaurante", 325, 372590986),
("Bar", 326, 372590986),
("Concierge", 327, 372590986),
("Bar", 328, 372590986),
("Bar", 329, 372590986),
("Concierge", 330, 372590986),
("Restaurante", 331, 372590986),
("Restaurante", 332, 372590986),
("Restaurante", 333, 372590986),
("Concierge", 334, 372590986),
("Hotel", 335, 372590986),
("Hotel", 336, 372590986),
("Concierge", 337, 372590986),
("Restaurante", 338, 372590986),
("Restaurante", 339, 372590986),
("Hotel", 340, 372590986),
("Concierge", 341, 372590986),
("Restaurante", 342, 372590986),
("Concierge", 343, 372590986),
("Hotel", 344, 372590986),
("Restaurante", 345, 372590986),
("Bar", 346, 372590986),
("Restaurante", 347, 372590986),
("Bar", 348, 372590986),
("Restaurante", 349, 372590986),
("Bar", 350, 675097345),
("Hotel", 351, 675097345),
("Concierge", 352, 675097345),
("Bar", 353, 675097345),
("Hotel", 354, 675097345),
("Hotel", 355, 675097345),
("Concierge", 356, 675097345),
("Hotel", 357, 675097345),
("Bar", 358, 675097345),
("Hotel", 359, 675097345),
("Restaurante", 360, 675097345),
("Bar", 361, 675097345),
("Bar", 362, 675097345),
("Hotel", 363, 675097345),
("Concierge", 364, 675097345),
("Bar", 365, 675097345),
("Concierge", 366, 675097345),
("Restaurante", 367, 542251451),
("Bar", 368, 542251451),
("Hotel", 369, 542251451),
("Hotel", 370, 542251451),
("Bar", 371, 542251451),
("Restaurante", 372, 542251451),
("Restaurante", 373, 542251451),
("Restaurante", 374, 542251451),
("Concierge", 375, 542251451),
("Restaurante", 376, 542251451),
("Bar", 377, 542251451),
("Restaurante", 378, 542251451),
("Hotel", 379, 542251451),
("Concierge", 380, 542251451),
("Concierge", 381, 542251451),
("Hotel", 382, 542251451),
("Restaurante", 383, 542251451),
("Bar", 384, 542251451),
("Concierge", 385, 542251451),
("Restaurante", 386, 542251451),
("Concierge", 387, 542251451),
("Restaurante", 388, 542251451),
("Restaurante", 389, 542251451),
("Restaurante", 390, 542251451),
("Restaurante", 391, 542251451),
("Hotel", 392, 542251451),
("Bar", 393, 542251451),
("Concierge", 394, 542251451),
("Restaurante", 395, 542251451),
("Bar", 396, 542251451),
("Concierge", 397, 542251451),
("Restaurante", 398, 542251451),
("Restaurante", 399, 542251451),
("Concierge", 400, 542251451),
("Restaurante", 401, 542251451),
("Hotel", 402, 542251451),
("Bar", 403, 542251451),
("Concierge", 404, 542251451),
("Hotel", 405, 542251451),
("Concierge", 406, 542251451),
("Hotel", 407, 542251451),
("Hotel", 408, 542251451),
("Bar", 409, 202955241),
("Hotel", 410, 202955241),
("Concierge", 411, 202955241),
("Hotel", 412, 202955241),
("Bar", 413, 202955241),
("Restaurante", 414, 202955241),
("Concierge", 415, 202955241),
("Bar", 416, 202955241),
("Concierge", 417, 202955241),
("Hotel", 418, 202955241),
("Bar", 419, 202955241),
("Concierge", 420, 202955241),
("Concierge", 421, 202955241),
("Hotel", 422, 202955241),
("Concierge", 423, 202955241),
("Concierge", 424, 202955241),
("Bar", 425, 202955241),
("Concierge", 426, 202955241),
("Bar", 427, 202955241),
("Bar", 428, 202955241),
("Hotel", 429, 202955241),
("Hotel", 430, 202955241),
("Bar", 431, 202955241),
("Restaurante", 432, 202955241),
("Hotel", 433, 202955241),
("Concierge", 434, 202955241),
("Hotel", 435, 202955241),
("Concierge", 436, 569107488),
("Bar", 437, 569107488),
("Concierge", 438, 569107488),
("Restaurante", 439, 569107488),
("Restaurante", 440, 569107488),
("Concierge", 441, 569107488),
("Hotel", 442, 569107488),
("Concierge", 443, 569107488),
("Restaurante", 444, 569107488),
("Restaurante", 445, 569107488),
("Bar", 446, 569107488),
("Restaurante", 447, 569107488),
("Concierge", 448, 569107488),
("Restaurante", 449, 569107488),
("Hotel", 450, 569107488),
("Bar", 451, 569107488),
("Restaurante", 452, 569107488),
("Concierge", 453, 569107488),
("Bar", 454, 569107488),
("Bar", 455, 569107488),
("Restaurante", 456, 569107488),
("Concierge", 457, 569107488),
("Hotel", 458, 569107488),
("Hotel", 459, 569107488),
("Bar", 460, 569107488),
("Bar", 461, 569107488),
("Hotel", 462, 569107488),
("Restaurante", 463, 569107488),
("Concierge", 464, 569107488),
("Concierge", 465, 569107488),
("Hotel", 466, 569107488),
("Hotel", 467, 569107488),
("Restaurante", 468, 569107488),
("Concierge", 469, 569107488),
("Bar", 470, 569107488),
("Concierge", 471, 569107488),
("Concierge", 472, 569107488),
("Hotel", 473, 569107488),
("Bar", 474, 569107488),
("Hotel", 475, 569107488),
("Restaurante", 476, 569107488),
("Restaurante", 477, 569107488),
("Restaurante", 478, 569107488),
("Hotel", 479, 569107488),
("Bar", 480, 569107488),
("Restaurante", 481, 166274736),
("Restaurante", 482, 166274736),
("Concierge", 483, 166274736),
("Concierge", 484, 166274736),
("Restaurante", 485, 166274736),
("Bar", 486, 166274736),
("Bar", 487, 409315740),
("Bar", 488, 409315740),
("Bar", 489, 409315740),
("Restaurante", 490, 409315740),
("Bar", 491, 409315740),
("Hotel", 492, 178135609),
("Concierge", 493, 178135609),
("Bar", 494, 178135609),
("Concierge", 495, 178135609),
("Restaurante", 496, 178135609),
("Hotel", 497, 178135609),
("Restaurante", 498, 178135609),
("Bar", 499, 178135609),
("Restaurante", 500, 178135609),
("Hotel", 501, 178135609),
("Hotel", 502, 178135609),
("Restaurante", 503, 178135609),
("Restaurante", 504, 178135609),
("Hotel", 505, 178135609),
("Bar", 506, 178135609),
("Hotel", 507, 178135609),
("Bar", 508, 178135609),
("Concierge", 509, 178135609),
("Concierge", 510, 178135609),
("Bar", 511, 178135609),
("Concierge", 512, 178135609),
("Restaurante", 513, 178135609),
("Restaurante", 514, 178135609),
("Restaurante", 515, 178135609),
("Restaurante", 516, 178135609),
("Concierge", 517, 178135609),
("Concierge", 518, 178135609),
("Hotel", 519, 178135609),
("Restaurante", 520, 178135609),
("Hotel", 521, 178135609),
("Concierge", 522, 178135609),
("Hotel", 523, 178135609),
("Concierge", 524, 178135609),
("Restaurante", 525, 178135609),
("Restaurante", 526, 178135609),
("Bar", 527, 178135609),
("Bar", 528, 178135609),
("Concierge", 529, 178135609),
("Bar", 530, 178135609),
("Restaurante", 531, 178135609),
("Concierge", 532, 178135609),
("Restaurante", 533, 126700363),
("Restaurante", 534, 126700363),
("Hotel", 535, 126700363),
("Hotel", 536, 126700363),
("Restaurante", 537, 126700363),
("Bar", 538, 126700363),
("Restaurante", 539, 126700363),
("Concierge", 540, 126700363),
("Bar", 541, 126700363),
("Concierge", 542, 126700363),
("Restaurante", 543, 126700363),
("Bar", 544, 126700363),
("Hotel", 545, 126700363),
("Hotel", 546, 126700363),
("Bar", 547, 965752928),
("Hotel", 548, 965752928),
("Bar", 549, 965752928),
("Concierge", 550, 965752928),
("Concierge", 551, 965752928),
("Hotel", 552, 965752928),
("Concierge", 553, 965752928),
("Concierge", 554, 965752928),
("Hotel", 555, 965752928),
("Restaurante", 556, 965752928),
("Restaurante", 557, 965752928),
("Hotel", 558, 965752928),
("Restaurante", 559, 965752928),
("Bar", 560, 965752928),
("Bar", 561, 965752928),
("Hotel", 562, 965752928),
("Restaurante", 563, 965752928),
("Bar", 564, 965752928),
("Hotel", 565, 965752928),
("Concierge", 566, 965752928),
("Bar", 567, 921310556),
("Restaurante", 568, 921310556),
("Restaurante", 569, 921310556),
("Bar", 570, 921310556),
("Bar", 571, 921310556),
("Restaurante", 572, 921310556),
("Hotel", 573, 921310556),
("Concierge", 574, 921310556),
("Concierge", 575, 921310556),
("Hotel", 576, 921310556),
("Concierge", 577, 921310556),
("Restaurante", 578, 921310556),
("Bar", 579, 921310556),
("Restaurante", 580, 921310556),
("Concierge", 581, 921310556),
("Restaurante", 582, 921310556),
("Restaurante", 583, 921310556),
("Hotel", 584, 921310556),
("Concierge", 585, 921310556),
("Hotel", 586, 921310556),
("Bar", 587, 921310556),
("Bar", 588, 921310556),
("Restaurante", 589, 921310556),
("Bar", 590, 921310556),
("Concierge", 591, 921310556),
("Bar", 592, 921310556),
("Bar", 593, 785957824),
("Restaurante", 594, 785957824),
("Restaurante", 595, 785957824),
("Restaurante", 596, 785957824),
("Restaurante", 597, 785957824),
("Restaurante", 598, 785957824),
("Concierge", 599, 785957824),
("Hotel", 600, 785957824),
("Bar", 601, 845913918),
("Bar", 602, 845913918),
("Concierge", 603, 845913918),
("Hotel", 604, 845913918),
("Hotel", 605, 845913918),
("Bar", 606, 845913918),
("Bar", 607, 845913918),
("Hotel", 608, 845913918),
("Hotel", 609, 845913918),
("Restaurante", 610, 845913918),
("Restaurante", 611, 845913918),
("Hotel", 612, 845913918),
("Bar", 613, 845913918),
("Concierge", 614, 845913918),
("Hotel", 615, 845913918),
("Bar", 616, 845913918),
("Hotel", 617, 845913918),
("Bar", 618, 845913918),
("Hotel", 619, 845913918),
("Concierge", 620, 845913918),
("Bar", 621, 845913918),
("Restaurante", 622, 845913918),
("Concierge", 623, 845913918),
("Concierge", 624, 845913918),
("Bar", 625, 845913918),
("Hotel", 626, 845913918),
("Bar", 627, 845913918),
("Hotel", 628, 845913918),
("Bar", 629, 845913918),
("Restaurante", 630, 845913918),
("Concierge", 631, 845913918),
("Restaurante", 632, 845913918),
("Restaurante", 633, 845913918),
("Concierge", 634, 845913918),
("Bar", 635, 845913918),
("Concierge", 636, 845913918),
("Concierge", 637, 845913918),
("Restaurante", 638, 845913918),
("Restaurante", 639, 845913918),
("Restaurante", 640, 845913918),
("Restaurante", 641, 845913918),
("Bar", 642, 154092548),
("Concierge", 643, 154092548),
("Restaurante", 644, 154092548),
("Bar", 645, 154092548),
("Restaurante", 646, 154092548),
("Concierge", 647, 154092548),
("Restaurante", 648, 154092548),
("Restaurante", 649, 154092548),
("Concierge", 650, 154092548),
("Bar", 651, 154092548),
("Bar", 652, 154092548),
("Bar", 653, 154092548),
("Hotel", 654, 154092548),
("Concierge", 655, 154092548),
("Bar", 656, 154092548),
("Concierge", 657, 154092548),
("Concierge", 658, 154092548),
("Bar", 659, 154092548),
("Hotel", 660, 154092548),
("Restaurante", 661, 154092548),
("Hotel", 662, 154092548),
("Restaurante", 663, 424416404),
("Hotel", 664, 424416404),
("Concierge", 665, 424416404),
("Hotel", 666, 424416404),
("Restaurante", 667, 424416404),
("Concierge", 668, 424416404),
("Hotel", 669, 424416404),
("Hotel", 670, 424416404),
("Restaurante", 671, 424416404),
("Restaurante", 672, 424416404),
("Concierge", 673, 424416404),
("Hotel", 674, 427664476),
("Hotel", 675, 427664476),
("Hotel", 676, 427664476),
("Restaurante", 677, 427664476),
("Restaurante", 678, 427664476),
("Concierge", 679, 290060764),
("Restaurante", 680, 290060764),
("Bar", 681, 290060764),
("Restaurante", 682, 290060764),
("Restaurante", 683, 290060764),
("Concierge", 684, 290060764),
("Bar", 685, 290060764),
("Hotel", 686, 290060764),
("Hotel", 687, 290060764),
("Hotel", 688, 290060764),
("Restaurante", 689, 290060764),
("Restaurante", 690, 290060764),
("Concierge", 691, 290060764),
("Hotel", 692, 290060764),
("Bar", 693, 290060764),
("Concierge", 694, 290060764),
("Restaurante", 695, 290060764),
("Restaurante", 696, 290060764),
("Bar", 697, 290060764),
("Bar", 698, 290060764),
("Bar", 699, 290060764),
("Restaurante", 700, 290060764),
("Hotel", 701, 600538896),
("Restaurante", 702, 600538896),
("Hotel", 703, 600538896),
("Bar", 704, 600538896),
("Hotel", 705, 600538896),
("Restaurante", 706, 600538896),
("Concierge", 707, 600538896),
("Restaurante", 708, 600538896),
("Bar", 709, 600538896),
("Concierge", 710, 600538896),
("Bar", 711, 600538896),
("Hotel", 712, 600538896),
("Bar", 713, 600538896),
("Hotel", 714, 600538896),
("Hotel", 715, 600538896),
("Concierge", 716, 600538896),
("Bar", 717, 600538896),
("Restaurante", 718, 600538896),
("Bar", 719, 600538896),
("Hotel", 720, 600538896),
("Restaurante", 721, 600538896),
("Restaurante", 722, 600538896),
("Restaurante", 723, 600538896),
("Concierge", 724, 600538896),
("Restaurante", 725, 600538896),
("Concierge", 726, 600538896),
("Bar", 727, 600538896),
("Concierge", 728, 600538896),
("Bar", 729, 600538896),
("Hotel", 730, 600538896),
("Bar", 731, 600538896),
("Bar", 732, 581813103),
("Hotel", 733, 581813103),
("Concierge", 734, 581813103);

INSERT INTO Jogador (nif, nome, saldoFichas) VALUES
(111911857, "Sarai Carmona", 3538),
(910463791, "Ludmila Leme", 2712),
(607571487, "Celina Lucas", 8266),
(143121101, "Theo Vilanova", 5),
(122533984, "Jasmeen Doutel", 7361),
(872761209, "Enzo Vilaverde", 12422),
(779623060, "Augusto Oleiro", 3231),
(456081549, "Ethan Macieira", 6),
(401092286, "Cleide Domingos", 1246),
(679346931, "Anael Campos", 10100),
(911706320, "Botelho Pinto", 741),
(471470870, "Aliana Paranhos", 46744),
(297424626, "Taís Foquiço", 2),
(852282267, "Rahela Dias", 37495),
(372590986, "Aleksandr Tigre", 4343),
(675097345, "Andrea Grangeia", 74418),
(542251451, "Rosa Bugalho", 50910),
(202955241, "Agrim Azambuja", 22949),
(569107488, "Valéria Andrade", 41),
(166274736, "Maximus Faustino", 467),
(409315740, "Carolina Covinha", 348),
(178135609, "Anair Medina", 65259),
(126700363, "Amadeu Vasques", 3602),
(965752928, "Lola Varanda", 4),
(921310556, "Louis Castilhos", 998),
(785957824, "Hayla Azevedo", 15),
(845913918, "Estevão Amarante", 147290),
(154092548, "Bartolomeu Saldanha", 343),
(424416404, "Darius Ferraz", 1278),
(427664476, "Matilde Mesquita", 43327),
(290060764, "Osvaldo Negromonte", 36187),
(600538896, "Manel Malafaia", 4362),
(581813103, "Berenice Barrela", 564);
